<?xml version="1.0" encoding="utf-8" standalone="yes"?>
<channel>
	<id>cinetemagay</id>
	<name>Cinetemagay</name>

	<active>true</active>
	<adult>true</adult>
	<language>es</language>
	<include_in_global_search>disabled</include_in_global_search>
	
	<fanart></fanart>
	<thumbnail>http://media.tvalacarta.info/pelisalacarta/squares/cinetemagay.png</thumbnail>
	<bannermenu>http://media.tvalacarta.info/pelisalacarta/bannermenu/cinetemagay.png</bannermenu>

	<update_url>https://raw.githubusercontent.com/tvalacarta/pelisalacarta/master/python/main-classic/channels/</update_url>
	<version>5</version>

	<changes>
		<change>
			<date>15/03/2017</date>
			<autor>SeiTaN</autor>
			<description>limpieza código</description>
		</change>
		<change>
			<date>05/08/2016</date>
			<autor></autor>
			<description>Eliminado de sección películas</description>
		</change>
	</changes>

	<categories>
		<category>adult</category>
	</categories>

</channel>
