<?xml version="1.0" encoding="utf-8" standalone="yes"?>
<channel>
	<id>crimenes</id>
	<name>Crimenes Imperfectos</name>

	<active>true</active>
	<adult>false</adult>
	<language>es</language>

	<bannermenu>http://media.tvalacarta.info/pelisalacarta/bannermenu/crimenes.png</bannermenu>
	<thumbnail>http://media.tvalacarta.info/pelisalacarta/squares/crimenes.png</thumbnail>
	<bannermenu></bannermenu>

	<update_url>https://raw.githubusercontent.com/tvalacarta/pelisalacarta/master/python/main-classic/channels/</update_url>
	<version>2</version>
	<changes>
		<change>
			<date>15/03/2017</date>
			<autor>SeiTaN</autor>
			<description>limpieza código</description>
		</change>
		<change>
			<date>01/07/2016</date>
			<autor>SeiTaN</autor>
			<description>Eliminado código innecesario.</description>
		</change>
	</changes>

	<categories>
		<category>movie</category>
	</categories>

	<settings>
		<include_in_global_search>true</include_in_global_search>
	</settings>
</channel>
