<?xml version="1.0" encoding="utf-8" standalone="yes"?>
<channel>
	<id>cultmoviez</id>
	<name>Cultmoviez</name>
	<language>es</language>
	<update_url>https://raw.githubusercontent.com/tvalacarta/pelisalacarta/master/python/main-classic/channels/</update_url>
	<active>false</active>
	<include_in_global_search>false</include_in_global_search>
	<adult>false</adult>
	<version>5</version>

	<changes>
		<change>
			<date>15/03/2017</date>
			<autor>SeiTaN</autor>
			<description>limpieza código</description>
		</change>
		<change>
			<date>07/11/2016</date>
			<autor>superberny</autor>
			<description>Canal deshabilitado por web cerrada</description>
		</change>
	</changes>

	<fanart></fanart>
	<thumbnail>http://media.tvalacarta.info/pelisalacarta/squares/cultmoviez.png</thumbnail>
	<bannermenu>http://media.tvalacarta.info/pelisalacarta/bannermenu/cultmoviez.png</bannermenu>
	<categories>
		<category>movie</category>
		<category>serie</category>
		<category>documentary</category>
		<category>vos</category>
	</categories>
</channel>
