<?xml version="1.0" encoding="utf-8" standalone="yes"?>
<channel>
	<id>descargacineclasico</id>
	<name>descargacineclasico</name>
	<language>es</language>
	<active>true</active>
	<include_in_global_search>false</include_in_global_search>
	<update_url>https://raw.githubusercontent.com/tvalacarta/pelisalacarta/master/python/main-classic/channels/</update_url>
	<adult>false</adult>
	<version>7</version>

	<changes>
		<change>
			<date>15/03/2017</date>
			<autor>SeiTaN</autor>
			<description>limpieza código</description>
		</change>
		<change>
			<date>01/07/2016</date>
			<autor>SeiTaN</autor>
			<description>Eliminado código innecesario.</description>
		</change>
	</changes>

	<fanart></fanart>
	<bannermenu>http://media.tvalacarta.info/pelisalacarta/bannermenu/descargacineclasico2.png</bannermenu>
	<thumbnail>http://media.tvalacarta.info/pelisalacarta/squares/descargacineclasico2.png</thumbnail>
	<categories>
		<category>movie</category>
	</categories>
</channel>
