<?xml version="1.0" encoding="utf-8" standalone="yes"?>
<channel>
	<id>estadepelis</id>
	<name>Estadepelis</name>

	<active>true</active>
	<adult>false</adult>
	<language>es</language>

	<fanart></fanart>
	<thumbnail>https://s24.postimg.org/nsgit7fhh/estadepelis.png</thumbnail>
	<bannermenu>https://s28.postimg.org/ud0l032ul/estadepelis_banner.png</bannermenu>
	
	<update_url>https://raw.githubusercontent.com/tvalacarta/pelisalacarta/master/python/main-classic/channels/</update_url>
	<version>4</version>

	<changes>
		<change>
			<date>25/05/2017</date>
			<autor>Hernan_ar_c</autor>
			<description>cambios esteticos</description>
		</change>
		<change>
			<date>15/03/2017</date>
			<autor>SeiTaN</autor>
			<description>limpieza código</description>
		</change>
		<change>
			<date>07/02/2017</date>
			<autor>Hernan_Ar_c</autor>
			<description>Release</description>
		</change>
	</changes>

	<categories>
		<category>latino</category>
		<category>movie</category>
	</categories>

	<settings>
		<id>include_in_global_search</id>
		<type>bool</type>
		<label>Incluir en busqueda global</label>
		<default>false</default>
		<enabled>false</enabled>
		<visible>false</visible>
	</settings>
	<settings>
		<id>include_in_newest_peliculas</id>
		<type>bool</type>
		<label>Incluir en Novedades - Peliculas</label>
		<default>true</default>
		<enabled>true</enabled>
		<visible>true</visible>
	</settings>
	<settings>
		<id>include_in_newest_infantiles</id>
		<type>bool</type>
		<label>Incluir en Novedades - Infantiles</label>
		<default>true</default>
		<enabled>true</enabled>
		<visible>true</visible>
	</settings>
</channel>
