<?xml version="1.0" encoding="utf-8" standalone="yes"?>
<channel>
	<id>freecambay</id>
	<name>FreeCamBay</name>
	<language>es</language>
	<active>true</active>
	<adult>true</adult>

	<version>1</version>
	<changes>
		<change>
			<date>29/04/2017</date>
			<autor>Cmos</autor>
			<description>Primera versión</description>
		</change>
	</changes>
	<fanart></fanart>
	<thumbnail>http://i.imgur.com/wuzhOCt.png?1</thumbnail>
	<bannermenu></bannermenu>
	<update_url>https://raw.githubusercontent.com/tvalacarta/pelisalacarta/master/python/main-classic/channels/</update_url>

	<categories>
		<category>adult</category>
	</categories>

	<include_in_global_search>disabled</include_in_global_search>
	<settings>
		<id>menu_info</id>
		<type>bool</type>
		<label>Mostrar menú antes de reproducir con imágenes</label>
 		<default>true</default>
 		<enabled>true</enabled>
 		<visible>true</visible>
 	</settings>
</channel>