<?xml version="1.0" encoding="utf-8" standalone="yes"?>
<channel>
	<id>lacajita</id>
	<name>LaCajita</name>
	<language>es</language>
	<active>true</active>
	<adult>false</adult>

	<version>1</version>

	<changes>
		<change>
			<date>16/05/2017</date>
			<autor>Cmos</autor>
			<description>Primera version</description>
		</change>
	</changes>

	<fanart></fanart>
	<thumbnail>http://i.imgur.com/LVdupxc.png</thumbnail>
	<bannermenu></bannermenu>
	<update_url>https://raw.githubusercontent.com/tvalacarta/pelisalacarta/master/python/main-classic/channels/</update_url>

	<categories>
		<category>movie</category>
		<category>latino</category>
		<category>vos</category>
	</categories>

	<settings>
		<id>include_in_global_search</id>
		<type>bool</type>
		<label>Incluir en búsqueda global</label>
		<default>false</default>
		<enabled>true</enabled>
		<visible>true</visible>
	</settings>
	<settings>
		<id>modo_grafico</id>
		<type>bool</type>
		<color>0xFFd50b0b</color>
		<label>Buscar información extra</label>
 		<default>true</default>
 		<enabled>true</enabled>
 		<visible>true</visible>
 	</settings>
	<settings>
		<id>perfil</id>
		<type>list</type>
		<label>Perfil de color</label>
		<default>3</default>
		<enabled>true</enabled>
		<visible>true</visible>
		<lvalues>Sin color</lvalues>
		<lvalues>Perfil 3</lvalues>
		<lvalues>Perfil 2</lvalues>
		<lvalues>Perfil 1</lvalues>
	</settings>
</channel>
