<?xml version="1.0" encoding="utf-8" standalone="yes"?>
<channel>
	<id>megahd</id>
	<name>Mega HD</name>

	<active>false</active>
	<adult>false</adult>
	<language>es</language>
	<include_in_global_search>disabled</include_in_global_search>

	<fanart></fanart>
	<thumbnail>http://media.tvalacarta.info/pelisalacarta/squares/megahd.png</thumbnail>
	<bannermenu>http://media.tvalacarta.info/pelisalacarta/bannermenu/megahd.png</bannermenu>

	<update_url>https://raw.githubusercontent.com/tvalacarta/pelisalacarta/master/python/main-classic/channels/</update_url>
	<version>4</version>
	<changes>
		<change>
			<date>15/03/2017</date>
			<autor>SeiTaN</autor>
			<description>limpieza código</description>
		</change>
		<change>
			<date>01/07/2016</date>
			<autor>SeiTaN</autor>
			<description>Eliminado código innecesario.</description>
		</change>
	</changes>

	<categories>
		<category>movie</category>
		<category>serie</category>
		<category>documentary</category>
		<category>anime</category>
	</categories>

	<settings>
		<id>megahduser</id>
		<type>text</type>
		<label>@30014</label>
		<default></default>
		<enabled>true</enabled>
		<visible>true</visible>
	</settings>
	<settings>
		<id>megahdpassword</id>
		<type>text</type>
		<label>@30015</label>
		<hidden>true</hidden>
		<enabled>!eq(-1,'')</enabled>
		<visible>true</visible>
	</settings>

	
</channel>
