<?xml version="1.0" encoding="utf-8" standalone="yes"?>
<channel>
	<id>peliculasdk</id>
	<name>PeliculasDK</name>

	<active>true</active>
	<adult>false</adult>
	<language>es</language>

	<fanart></fanart>
	<thumbnail>http://s29.postimg.org/wzw749oon/pldklog.jpg</thumbnail>
	<bannermenu>http://media.tvalacarta.info/pelisalacarta/bannermenu/peliculasdk.png</bannermenu>

	<update_url>https://raw.githubusercontent.com/tvalacarta/pelisalacarta/master/python/main-classic/channels/</update_url>
	<version>8</version>
	<date>25/04/2017</date>
    <changes>
        <change>
          <date>06/12/2016</date>
          <autor>Neno1978</autor>
         <description>Corrección código. Adaptación Infoplus</description>
        </change>
        <change>
          <date>26/04/2017</date>
          <autor>Neno1978</autor>
          <description>Adaptación biblioteca</description>
        </change>
    </changes>
	<categories>
		<category>torrent</category>
        <category>movie</category>
	</categories>

	<settings>
		<id>include_in_global_search</id>
		<type>bool</type>
		<label>Incluir en busqueda global</label>
		<default>true</default>
		<enabled>true</enabled>
		<visible>true</visible>
	</settings>
</channel>
