<?xml version="1.0" encoding="utf-8" standalone="yes"?>
<channel>
   <id>pelisgratis</id>
   <name>PelisGratis</name>

   <active>true</active>
   <adult>false</adult>
   <language>es</language>

   <fanart></fanart>
   <thumbnail>https://s30.postimg.org/kilh4lr4x/pelisgratis.png</thumbnail>
   <bannermenu>https://s15.postimg.org/nztottswb/pelisgratis-banner.png</bannermenu>

   <update_url>https://raw.githubusercontent.com/tvalacarta/pelisalacarta/master/python/main-classic/channels/</update_url>
   <version>1</version>
   <changes>
      <change>
         <date>26/05/2017</date>
         <autor>Hernan_ar_c</autor>
         <description>First release</description>
      </change>
   </changes>

   <categories>
      <category>latino</category>
      <category>movie</category>
   </categories>

   <settings>
      <include_in_global_search>true</include_in_global_search>
   </settings>
   <settings>
		<id>include_in_newest_peliculas</id>
		<type>bool</type>
		<label>Incluir en Novedades - Peliculas</label>
		<default>true</default>
		<enabled>true</enabled>
		<visible>true</visible>
	</settings>
	<settings>
		<id>include_in_newest_infantiles</id>
		<type>bool</type>
		<label>Incluir en Novedades - Infantiles</label>
		<default>true</default>
		<enabled>true</enabled>
		<visible>true</visible>
	</settings>
</channel>
