<?xml version="1.0" encoding="utf-8" standalone="yes"?>
<channel>
	<id>repelis</id>
	<name>Repelis</name>

	<active>true</active>
	<adult>false</adult>
	<language>es</language>
	<include_in_global_search>true</include_in_global_search>
		
	<fanart></fanart>
	<thumbnail>http://media.tvalacarta.info/pelisalacarta/squares/repelis.png</thumbnail>
	<bannermenu>http://media.tvalacarta.info/pelisalacarta/bannermenu/repelis.png</bannermenu>

	<update_url>https://raw.githubusercontent.com/tvalacarta/pelisalacarta/master/python/main-classic/channels/</update_url>
	<version>3</version>
	<changes>
		<change>
			<date>18/05/2017</date>
			<autor>Intel1</autor>
			<description>Cambiado patrón en búsqueda de videos</description>
		</change>
		<change>
			<date>15/03/2017</date>
			<autor>SeiTaN</autor>
			<description>limpieza código</description>
		</change>
		<change>
			<date>01/07/2016</date>
			<autor>SeiTaN</autor>
			<description>Eliminado código innecesario.</description>
		</change>
	</changes>

	<categories>
		<category>movie</category>
		<category>documentary</category>
	</categories>
</channel>
