<?xml version="1.0" encoding="utf-8" standalone="yes"?>
<channel>
	<id>seodiv</id>
	<name>Seodiv</name>

	<active>true</active>
	<adult>false</adult>
	<language>es</language>

	<include_in_global_search>disabled</include_in_global_search>

	<fanart></fanart>
	<thumbnail>https://s32.postimg.org/gh8lhbkb9/seodiv.png</thumbnail>
	<bannermenu>https://s31.postimg.org/klwjzp7t7/seodiv_banner.png</bannermenu>
	
	<update_url>https://raw.githubusercontent.com/tvalacarta/pelisalacarta/master/python/main-classic/channels/</update_url>
	<version>6</version>
	<changes>
		<change>
				<date>25/05/2017</date>
				<autor>Hernan_ar_c</autor>
				<description>cambios esteticos</description>
	   	</change>
		<change>
			<date>09/05/2017</date>
			<autor>Hernan_ar_c</autor>
			<description>Fix temporadas</description>
		</change>>
	</changes>>
	
	<categories>
		<category>series</category>
	</categories>
	
	

</channel>
