<?xml version="1.0" encoding="utf-8" standalone="yes"?>
<channel>
	<id>seriecanal</id>
	<name>Seriecanal</name>

	<active>true</active>
	<adult>false</adult>
	<language>es</language>

	<fanart></fanart>
	<thumbnail>http://i.imgur.com/EwMK8Yd.png</thumbnail>
	<bannermenu>http://media.tvalacarta.info/pelisalacarta/bannermenu/seriecanal.png</bannermenu>

	<update_url>https://raw.githubusercontent.com/tvalacarta/pelisalacarta/master/python/main-classic/channels/</update_url>
	<version>4</version>

	<changes>
		<change>
			<date>15/03/2017</date>
			<autor>SeiTaN</autor>
			<description>limpieza código</description>
		</change>
		<change>
			<date>08/07/2016</date>
			<autor></autor>
			<description>Corregido el canal, es necesario registrarse, adaptado a la nueva version.</description>
		</change>
	</changes>

	<categories>
		<category>serie</category>
		<category>vos</category>
	</categories>

	<settings>
		<id>include_in_global_search</id>
		<type>bool</type>
		<label>Incluir en busqueda global</label>
		<default>false</default>
		<enabled>true</enabled>
		<visible>true</visible>
	</settings>
	<settings>
		<id>modo_grafico</id>
		<type>bool</type>
		<label>Buscar información extra</label>
 		<default>true</default>
 		<enabled>true</enabled>
 		<visible>true</visible>
 	</settings>
	<settings>
		<id>user</id>
		<type>text</type>
		<label>Usuario</label>
		<color>0xFFd50b0b</color>
		<default></default>
		<enabled>true</enabled>
		<visible>true</visible>
	</settings>
	<settings>
		<id>password</id>
		<type>text</type>
		<label>Contraseña</label>
		<color>0xFFd50b0b</color>
		<default></default>
		<enabled>true</enabled>
		<visible>true</visible>
		<hidden>True</hidden>
	</settings>
	<settings>
		<id>perfil</id>
		<type>list</type>
		<label>Perfil de color</label>
		<default>2</default>
		<enabled>true</enabled>
		<visible>true</visible>
		<lvalues>Perfil 3</lvalues>
		<lvalues>Perfil 2</lvalues>
		<lvalues>Perfil 1</lvalues>
	</settings>
</channel>