<?xml version="1.0" encoding="utf-8" standalone="yes"?>
<channel>
	<id>seriesflv</id>
	<name>Seriesflv</name>

	<active>true</active>
	<adult>false</adult>
	<language>es</language>

	<fanart></fanart>
	<thumbnail>http://media.tvalacarta.info/pelisalacarta/squares/seriesflv.png</thumbnail>
	<bannermenu>http://media.tvalacarta.info/pelisalacarta/bannermenu/seriesflv.png</bannermenu>

	<update_url>https://raw.githubusercontent.com/tvalacarta/pelisalacarta/master/python/main-classic/channels/</update_url>
	<version>6</version>

	<changes>
		<change>
			<date>15/03/2017</date>
			<autor>SeiTaN</autor>
			<description>limpieza código</description>
		</change>
		<change>
			<date>01/02/17</date>
			<autor>Dragonfir3</autor>
			<description>Añadido listado alfabético, uso de httptools y limpieza de código.</description>
		</change>
		<change>
			<date>01/07/16</date>
			<autor>SeiTaN</autor>
			<description>Eliminado código innecesario.</description>
		</change>
		<change> 
			<date>29/04/16</date>
			<autor>super_berny</autor>
			<description>Adaptar a Buscador global y Novedades Series</description>
		</change>
	</changes>

	<categories>
		<category>serie</category>
		<category>anime</category>
		<category>latino</category>
		<category>vos</category>
	</categories>

	<settings>
		<id>include_in_global_search</id>
		<type>bool</type>
		<label>Incluir en busqueda global</label>
		<default>true</default>
		<enabled>true</enabled>
		<visible>true</visible>
	</settings>
	<settings>
		<id>include_in_newest_series</id>
		<type>bool</type>
		<label>Incluir en Novedades - Episodios de series</label>
		<default>true</default>
		<enabled>true</enabled>
		<visible>true</visible>
	</settings>
</channel>
