<?xml version="1.0" encoding="utf-8" standalone="yes"?>
<channel>
	<id>serieslatino</id>
	<name>SeriesLatino</name>

	<active>true</active>
	<adult>false</adult>
	<language>es</language>

	<fanart></fanart>
	<thumbnail>https://s17.postimg.org/rpmc90y9r/serieslatino.png</thumbnail>
	<bannermenu>https://s8.postimg.org/ka707waat/serieslatino_banner.png</bannermenu>
	
	<update_url>https://raw.githubusercontent.com/tvalacarta/pelisalacarta/master/python/main-classic/channels/</update_url>
    <version>3</version>

	<changes>
		<change>
				<date>25/05/2017</date>
				<autor>Hernan_ar_c</autor>
				<description>cambios esteticos</description>
	   	</change>
		<change>
			<date>15/03/2017</date>
			<autor>SeiTaN</autor>
			<description>limpieza código</description>
		</change>
		<change>
			<date>04/01/2017</date>
			<autor>Hernan_Ar_c</autor>
			<description>Release.</description>
		</change>
	</changes>
    
	<categories>
		<category>latino</category>
		<category>serie</category>
	</categories>

	<settings>
		<id>include_in_global_search</id>
		<type>bool</type>
		<label>Incluir en busqueda global</label>
		<default>false</default>
		<enabled>false</enabled>
		<visible>false</visible>
	</settings>
</channel>
