<?xml version="1.0" encoding="utf-8" standalone="yes"?>
<channel>
	<id>tengourl</id>
	<name>Tengo una URL</name>

	<active>false</active>
	<adult>false</adult>
	<language></language>
	<include_in_global_search>disabled</include_in_global_search>
	
	<fanart></fanart>
	<thumbnail>http://media.tvalacarta.info/pelisalacarta/squares/tengourl.png</thumbnail>
	<bannermenu>http://media.tvalacarta.info/pelisalacarta/bannermenu/tengourl.png</bannermenu>

	<update_url>https://raw.githubusercontent.com/tvalacarta/pelisalacarta/master/python/main-classic/channels/</update_url>
	<version>3</version>
	<changes>
		<change>
			<date>15/03/2017</date>
			<autor>SeiTaN</autor>
			<description>limpieza código</description>
		</change>
		<change>
			<date>01/07/2016</date>
			<autor>SeiTaN</autor>
			<description>Eliminado código innecesario.</description>
		</change>
	</changes>

	<categories>
	</categories>
</channel>
