<?xml version="1.0" encoding="utf-8" standalone="yes"?>
<channel>
	<id>torrentlocura</id>
	<name>Torrentlocura</name>

	<active>true</active>
	<adult>false</adult>
	<language>es</language>
    
	<fanart></fanart>
	<thumbnail>http://imgur.com/EWmLS3d.png</thumbnail>
	<bannermenu>http://media.tvalacarta.info/pelisalacarta/bannermenu/torrentlocura.png</bannermenu>
	<update_url>https://raw.githubusercontent.com/tvalacarta/pelisalacarta/master/python/main-classic/channels/</update_url>
    
    <version>3</version>
    <changes>
		<change>
			<date>15/03/2017</date>
			<autor>SeiTaN</autor>
			<description>limpieza código</description>
		</change>
        <change>
          <date>31/12/2016</date>
          <autor>Neno1978</autor>
          <description>Release</description>
        </change>
        <change>
          <date>13/01/2017</date>
          <autor>Neno1978</autor>
          <description>Añadida info a cápitulos en bloque</description>
        </change>
        <change>
            <date>04/04/2017</date>
            <autor>Neno1978</autor>
            <description>Reparación cambios web</description>
        </change>
    </changes>
    
	<categories>
		<category>torrent</category>
		<category>movie</category>
		<category>serie</category>
	</categories>

	<settings>
		<id>include_in_global_search</id>
		<type>bool</type>
		<label>Incluir en busqueda global</label>
		<default>true</default>
		<enabled>true</enabled>
		<visible>true</visible>
	</settings>
</channel>
