<?xml version="1.0" encoding="utf-8" standalone="yes"?>
<!--- By EpNiebla -->
<channel>
	<id>youpeliculas</id>
	<name>YouPeliculas</name>

	<active>true</active>
	<adult>false</adult>
	<language>es</language>

	<fanart></fanart>
	<thumbnail>https://s28.postimg.org/abc60r4j1/youpeliculas.png</thumbnail>
	<bannermenu>https://s27.postimg.org/4asweros3/youpeliculas.png</bannermenu>
	
	<update_url>https://raw.githubusercontent.com/tvalacarta/pelisalacarta/master/python/main-classic/channels/</update_url>
	<version>2</version>
	<changes>
		<change>
			<date>15/03/2017</date>
			<autor>SeiTaN</autor>
			<description>limpieza código</description>
		</change>
		<change>
			<date>23/01/17</date>
			<autor>eniebla</autor>
			<description>First version</description>
		</change>
	</changes>
	<categories>
		<category>latino</category>
		<category>movie</category>
		<category>serie</category>
		<category>anime</category>
	</categories>
	<settings>
		<id>include_in_global_search</id>
		<type>bool</type>
		<label>Incluir en busqueda global</label>
		<default>false</default>
		<enabled>false</enabled>
		<visible>false</visible>
	</settings>
</channel>
