<?xml version="1.0" encoding="UTF-8"?>
<colors>
    <color name="Black100">FFdddddd</color>
    <color name="Black70">B3dddddd</color>
    <color name="Black30">4Ddddddd</color>
    <color name="Black12">1F000000</color>

    <color name="White100">FF333333</color>
    <color name="White70">B3333333</color>
    <color name="White30">4D333333</color>
    <color name="White12">1F333333</color>

    <color name="Dark1">ffcccccc</color>
    <color name="Dark2">b3cccccc</color>
    <color name="Dark3">4dcccccc</color>
    <color name="Dark4">1fcccccc</color>
    <color name="Light1">ff333333</color>
    <color name="Light2">b3333333</color>
    <color name="Light3">4d333333</color>
    <color name="Light4">1f333333</color>

    <color name="Background">ff181818</color>
    <color name="FanartFade">2Fffffff</color>
    <color name="FloorFade">BF181818</color>
</colors>
