<?xml version="1.0" encoding="UTF-8"?>
<!-- Foundation -->
<window id="1131" type="dialog">
    <defaultcontrol always="true">9000</defaultcontrol>

    <zorder>0</zorder>
    <onload condition="System.HasAddon(script.videoextras)">RunScript(script.videoextras,check,"$INFO[ListItem.FilenameAndPath]")</onload>
    <onload>ClearProperty(content)</onload>
    <onload>ClearProperty(movie.Fanart,home)</onload>
    <controls>

        <control type="group">
            <animation type="Conditional" reversible="true" condition="Window.IsVisible(FileBrowser.xml) | Window.IsVisible(DialogConfirm.xml) | Window.IsVisible(DialogSelect.xml) | Window.IsVisible(DialogContextMenu.xml) | Window.IsVisible(DialogButtonMenu.xml)">
                <effect type="zoom" end="95" start="100" time="200" center="auto" tween="quadratic" easing="in" />
            </animation>
            <control type="group">
                <visible>!Window.IsVisible(script-script.extendedinfo-DialogVideoInfo.xml)</visible>
                <visible>!Window.IsVisible(script-script.extendedinfo-DialogInfo.xml)</visible>
                <animation effect="slide" start="-1920" end="0" delay="0" time="300" tween="quadratic" easing="out">WindowOpen</animation>
                <animation effect="slide" start="0" end="-1920" time="300" tween="quadratic" easing="in">WindowClose</animation>
                <animation effect="slide" start="-1920" end="0" delay="0" time="300" tween="quadratic" easing="out">Visible</animation>
                <animation effect="slide" start="0" end="-1920" time="300" tween="quadratic" easing="in">Hidden</animation>
                <include>View_50_SidePoster</include>
            </control>
            <control type="group">
                <visible>!Window.IsVisible(script-script.extendedinfo-DialogVideoInfo.xml)</visible>
                <visible>!Window.IsVisible(script-script.extendedinfo-DialogInfo.xml)</visible>
                <animation effect="slide" start="1920" end="0" delay="0" time="300" tween="quadratic" easing="out">WindowOpen</animation>
                <animation effect="slide" start="0" end="1920" time="300" tween="quadratic" easing="in">WindowClose</animation>
                <animation effect="slide" start="1920" end="0" delay="0" time="300" tween="quadratic" easing="out">Visible</animation>
                <animation effect="slide" start="0" end="1920" time="300" tween="quadratic" easing="in">Hidden</animation>
				
				<control type="image" id="1234">
					<description>Studio Logo</description>
					<posy>80</posy>
					<width>140</width>
					<height>140</height>
					<right>SidePad</right>
					<aspectratio align="right" aligny="top">keep</aspectratio>
					<texture colordiffuse="Dark1">resource://resource.images.studios.white/$INFO[Window(Home).Property(SkinHelper.ListItem.Studio),,.png]</texture>
					<visible>!Skin.HasSetting(furniture.studiocolor)</visible>
					<visible>!Control.IsVisible(50) + IsEmpty(Window.Property(content))</visible>
					<visible>!Skin.HasSetting(furniture.nowplaying) + ![Player.Playing | Player.Paused] + Skin.HasSetting(furniture.studiorecord) | Skin.HasSetting(furniture.nowplaying)+ Skin.HasSetting(furniture.studiorecord) | !IsEmpty(Window(10025).Property(PlayingBackgroundMedia))+ Skin.HasSetting(furniture.studiorecord)</visible>
				</control>
				
				<control type="image" id="1235">
					<description>Studio Logo</description>
					<posy>80</posy>
					<width>140</width>
					<height>140</height>
					<right>SidePad</right>
					<aspectratio align="right" aligny="top">keep</aspectratio>
					<texture>resource://resource.images.studios.coloured/$INFO[Window(Home).Property(SkinHelper.ListItem.Studio),,.png]</texture>
					<visible>Skin.HasSetting(furniture.studiocolor)</visible>
					<visible>!Control.IsVisible(50) + IsEmpty(Window.Property(content))</visible>
					<visible>!Skin.HasSetting(furniture.nowplaying) + ![Player.Playing | Player.Paused] + Skin.HasSetting(furniture.studiorecord) | Skin.HasSetting(furniture.nowplaying)+ Skin.HasSetting(furniture.studiorecord) | !IsEmpty(Window(10025).Property(PlayingBackgroundMedia))+ Skin.HasSetting(furniture.studiorecord)</visible>
				</control>

                <control type="button" id ="5">
                    <width>1</width>
                    <height>1</height>
                    <visible allowhiddenfocus="true">false</visible>
                </control>
                <control type="button" id ="9601">
                    <width>1</width>
                    <height>1</height>
                    <visible allowhiddenfocus="true">false</visible>
                    <onback>9000</onback>
                    <onup>9000</onup>
                    <ondown>9000</ondown>
                    <onleft>9000</onleft>
                    <onright>9000</onright>
                </control>

                <!-- Control Buttons -->
                <control type="grouplist" id="9000">
                    <visible allowhiddenfocus="true">ControlGroup(9000).HasFocus()</visible>
                    <bottom>224</bottom>
                    <left>540</left>
                    <right>SidePad</right>
					<align>center</align>
                    <height>68</height>
                    <bottom>33</bottom>
                    <itemgap>16</itemgap>
                    <onup condition="Control.IsVisible(50) + !Skin.HasSetting(noextendedinfoforcast)">51</onup>
                    <onup condition="Control.IsVisible(50) + Skin.HasSetting(noextendedinfoforcast)">50</onup>
                    <onup condition="Control.IsVisible(9501)">9501</onup>
                    <onup condition="!Control.IsVisible(50) + !Control.IsVisible(9501)">9601</onup>
                    <ondown condition="!Control.IsVisible(50) + !Control.IsVisible(9501)">9601</ondown>
                    <orientation>horizontal</orientation>

					<control type="button" id ="16">
                        <description>Movies</description>
						<label>342</label>
						<include>DefInfoButtons</include>
						<onclick>Action(Close)</onclick>
						<onclick>Action(Select,25)</onclick>						
					</control>
					
                    <control type="button" id ="18">
                        <description>Artwork Beef</description>
                        <label>Artwork Beef</label>
                        <include>DefInfoButtons</include>
						<onclick>RunScript(script.artwork.beef, mode=gui, mediatype=set, dbid=$INFO[ListItem.DBID])</onclick>
						<visible>system.hasaddon(script.artwork.downloader)</visible>
                        <visible>!Skin.HasSetting(global.kioskmode)</visible>
                    </control>
                </control>

				<control type="grouplist">
					<visible>!Control.IsVisible(50) + IsEmpty(Window.Property(content))</visible>
					<right>SidePad</right>
					<top>480</top>
					<width>410</width>
					<itemgap>0</itemgap>
                     <!--<control type="label">
                        <width>100%</width>
                        <height>36</height>
                        <font>Tiny</font>
                        <textcolor>Dark1</textcolor>
						<label>[B]$LOCALIZE[342][/B]</label>
                        <aligny>center</aligny>
					</control>-->
					
					<control type="textbox">
                       <height>140</height>
                        <font>Tiny</font>
                        <textcolor>Dark2</textcolor>
                        <label fallback="19055">$INFO[Window(Home).Property(SkinHelper.ListItem.Titles)]</label>
						<align>center</align>
                        <aligny>center</aligny>
                    </control>
				</control>
				
                <control type="group">
                    <visible>!Control.IsVisible(50) + IsEmpty(Window.Property(content))</visible>
                    <left>540</left>
                    <right>SidePad</right>
                    <bottom>224</bottom>
                    <top>PosterPad</top>
					
                    <control type="image">
						<aspectratio align="right">keep</aspectratio>
						<right>0</right>
						<height>280</height>
						<width>410</width>
						<fadetime>300</fadetime>
						<texture>$INFO[ListItem.Art(clearart)]</texture>
					</control>
                    <control type="grouplist">
                        <left>30</left>
                        <right>30</right>
                        <itemgap>0</itemgap>
                        <control type="label">
                            <description>Header Label</description>
                            <textcolor>Dark1</textcolor>
                            <include>DefDialogInfoHeader</include>
                            <label>$INFO[ListItem.Title]</label>
                        </control>
                        <control type="group">
                            <height>50</height>
                            <control type="label">
                                <posy>-10</posy>
                                <right>SidePad</right>
                                <height>36</height>
                                <font>Tiny</font>
                                <textcolor>Dark2</textcolor>
                                <label>$INFO[Window(Home).Property(SkinHelper.ListItem.Count),, / ]$INFO[Window(Home).Property(SkinHelper.ListItem.Totalmovies),, $LOCALIZE[36901] $LOCALIZE[31305]]</label>
                                <aligny>center</aligny>
                            </control>
							<visible>!String.IsEqual(Window(Home).Property(SkinHelper.ListItem.Count),Window(Home).Property(SkinHelper.ListItem.Totalmovies))</visible>
                        </control>
						
						<control type="group">
                            <height>50</height>
                            <control type="label">
                                <posy>-10</posy>
                                <right>SidePad</right>
                                <height>36</height>
                                <font>Tiny</font>
                                <textcolor>Dark2</textcolor>
                                <label>$INFO[Window(Home).Property(SkinHelper.ListItem.Count),, / ]$INFO[Window(Home).Property(SkinHelper.ListItem.Totalmovies),, $LOCALIZE[36901] $LOCALIZE[31305]  •  $LOCALIZE[31307]]</label>
                                <aligny>center</aligny>
                            </control>
							<visible>String.IsEqual(Window(Home).Property(SkinHelper.ListItem.Count),Window(Home).Property(SkinHelper.ListItem.Totalmovies))</visible>
                        </control>
						
                        <control type="group">

                            <height>36</height>
                            <control type="label">
                                <width>100%</width>
                                <height>36</height>
                                <font>Tiny</font>
                                <textcolor>Dark1</textcolor>
                                <label>[B]$LOCALIZE[345][/B]</label>
                                <aligny>center</aligny>
                            </control>
                            <control type="label">
                                <left>170</left>
                                <right>420</right>
                                <height>36</height>
                                <font>Tiny</font>
                                <textcolor>Dark2</textcolor>
                                <label fallback="19055">$INFO[Window(Home).Property(SkinHelper.ListItem.Year)]</label>
                                <aligny>center</aligny>
                            </control>
                        </control>
                        <control type="group">

                            <height>36</height>
                            <control type="label">
                                <width>100%</width>
                                <height>36</height>
                                <font>Tiny</font>
                                <textcolor>Dark1</textcolor>
                                <label>[B]$LOCALIZE[21875][/B]</label>
                                <aligny>center</aligny>
                            </control>
                            <control type="label">
                                <left>170</left>
                                <right>420</right>
                                <height>36</height>
                                <font>Tiny</font>
                                <textcolor>Dark2</textcolor>
                                <label fallback="19055">$INFO[Window(Home).Property(SkinHelper.ListItem.Country)]</label>
                                <aligny>center</aligny>
                            </control>
                        </control>
                        <control type="group">

                            <height>36</height>
                            <control type="label">
                                <width>100%</width>
                                <height>36</height>
                                <font>Tiny</font>
                                <textcolor>Dark1</textcolor>
                                <label>[B]$LOCALIZE[2050][/B]</label>
                                <aligny>center</aligny>
                            </control>
                            <control type="label">
                                <left>170</left>
                                <right>420</right>
                                <height>36</height>
                                <font>Tiny</font>
                                <textcolor>Dark2</textcolor>
                                <label fallback="19055">$INFO[Window(Home).Property(SkinHelper.ListItem.Duration.Hours),, h ]$INFO[Window(Home).Property(SkinHelper.ListItem.Duration.Minutes),, $LOCALIZE[31102]]</label>
                                <aligny>center</aligny>
                            </control>
                        </control>
                        <control type="group">

                            <height>36</height>
                            <control type="label">
                                <width>100%</width>
                                <height>36</height>
                                <font>Tiny</font>
                                <textcolor>Dark1</textcolor>
                                <label>[B]$LOCALIZE[572][/B]</label>
                                <aligny>center</aligny>
                            </control>
                            <control type="label">
                                <left>170</left>
                                <right>420</right>
                                <height>36</height>
                                <font>Tiny</font>
                                <textcolor>Dark2</textcolor>
                                <label fallback="19055">$INFO[Window(Home).Property(SkinHelper.ListItem.Studio)]</label>
                                <aligny>center</aligny>
                            </control>
                        </control>
                        <control type="group">

                            <height>36</height>
                            <control type="label">
                                <width>100%</width>
                                <height>36</height>
                                <font>Tiny</font>
                                <textcolor>Dark1</textcolor>
                                <label>[B]$LOCALIZE[515][/B]</label>
                                <aligny>center</aligny>
                            </control>
                            <control type="label">
                                <left>170</left>
                                <right>420</right>
                                <height>36</height>
                                <font>Tiny</font>
                                <textcolor>Dark2</textcolor>
                                <label fallback="19055">$INFO[Window(Home).Property(SkinHelper.ListItem.Genre)]</label>
                                <aligny>center</aligny>
                            </control>
                        </control>
                        <control type="group">

                            <height>36</height>
                            <control type="label">
                                <width>100%</width>
                                <height>36</height>
                                <font>Tiny</font>
                                <textcolor>Dark1</textcolor>
                                <label>[B]$LOCALIZE[20339][/B]</label>
                                <aligny>center</aligny>
                            </control>
                            <control type="label">
                                <left>170</left>
                                <right>420</right>
                                <height>36</height>
                                <font>Tiny</font>
                                <textcolor>Dark2</textcolor>
                                <label fallback="19055">$INFO[Window(Home).Property(SkinHelper.ListItem.Director)]</label>
                                <aligny>center</aligny>
                            </control>
                        </control>
                        <control type="group">

                            <height>36</height>
                            <control type="label">
                                <width>100%</width>
                                <height>36</height>
                                <font>Tiny</font>
                                <textcolor>Dark1</textcolor>
                                <label>[B]$LOCALIZE[20417][/B]</label>
                                <aligny>center</aligny>
                            </control>
                            <control type="label">
                                <left>170</left>
                                <right>420</right>
                                <height>36</height>
                                <font>Tiny</font>
                                <textcolor>Dark2</textcolor>
                                <label fallback="19055">$INFO[Window(Home).Property(SkinHelper.ListItem.Writer)]</label>
                                <aligny>center</aligny>
                            </control>
                        </control>
						<control type="group">

                            <height>36</height>
                            <control type="label">
                                <width>100%</width>
                                <height>36</height>
                                <font>Tiny</font>
                                <textcolor>Dark1</textcolor>
                                <label>[B]$LOCALIZE[16102][/B]</label>
                                <aligny>center</aligny>
                            </control>
                            <control type="label">
                                <left>170</left>
                                <right>420</right>
                                <height>36</height>
                                <font>Tiny</font>
                                <textcolor>Dark2</textcolor>
                                <label fallback="19055">$INFO[Window(Home).Property(SkinHelper.ListItem.WatchedCount),, / ]$INFO[Window(Home).Property(SkinHelper.ListItem.Count),, $LOCALIZE[36901]]</label>
                                <aligny>center</aligny>
                            </control>
                        </control>
                        <control type="label">
                            <width>100%</width>
                            <height>36</height>
                            <font>Tiny</font>
                            <textcolor>Dark1</textcolor>
                            <label></label>
                            <aligny>center</aligny>
                        </control>
                        <control type="textbox" id="4">
                            <width>100%</width>
                            <height>94</height>
                            <font>Tiny</font>
                            <textcolor>Dark2</textcolor>
                            <align>justify</align>
							<label>$INFO[Window(Home).Property(SkinHelper.ListItem.Plot)]</label>
                        </control>

                    </control>
                </control>
                <control type="group">
                    <centerleft>1190</centerleft>
                    <centerbottom>51%</centerbottom>
                    <width>450</width>
                    <height>117</height>
                    <visible>!IsEmpty(Window.Property(content)) + Container(9501).IsUpdating + !Control.IsVisible(50)</visible>
                    <include>Animation.FadeIn</include>
                    <include>Animation.FadeOut</include>

                    <control type="image">
                        <description>Busy animation</description>
                        <centerleft>54</centerleft>
                        <centertop>54</centertop>
                        <width>100</width>
                        <height>100</height>
                        <texture>dialog/loading-back.png</texture>
                        <aspectratio>keep</aspectratio>
                    </control>
                    <control type="image">
                        <description>Busy animation</description>
                        <centerleft>54</centerleft>
                        <centertop>54</centertop>
                        <width>100</width>
                        <height>100</height>
                        <animation effect="rotate" condition="true" start="0" end="360" loop="true" time="1000" center="auto">Conditional</animation>
                        <texture colordiffuse="$VAR[ColorHighlight]">dialog/loading-spinner.png</texture>
                        <aspectratio>keep</aspectratio>
                    </control>

                    <control type="label">
                        <description>Busy label</description>
                        <posx>105</posx>
                        <posy>30</posy>
                        <width>720</width>
                        <height>48</height>
                        <align>left</align>
                        <label>$LOCALIZE[31138]...</label>
                        <textcolor>Dark1</textcolor>
                    </control>

                </control>
            </control>
        </control>

        <control type="group">
            <visible>Control.HasFocus(9601)</visible>
            <include>Animation.FadeIn</include>
            <include>Animation.FadeOut</include>

            <control type="image" description="Background">
                <include>Dimensions_Fullscreen</include>
                <texture colordiffuse="Background">common/bg.jpg</texture>
                <animation effect="fade" start="100" end="95" condition="true">Conditional</animation>
            </control>

            <control type="image" description="clearlogo">
                <visible>Skin.HasSetting(furniture.logo)</visible>
                <centertop>120</centertop>
                <centerleft>50%</centerleft>
                <width>400</width>
                <height>100</height>
                <aspectratio align="center">keep</aspectratio>
                <texture background="true">$VAR[ClearLogoTopVar]</texture>
            </control>
        </control>

        <control type="group">
            <left>SidePad</left>
            <right>SidePad</right>
            <top>PosterPad</top>
            <height>640</height>
            <visible>Control.HasFocus(9601)</visible>
            <include>Animation.FadeIn.Slide</include>
            <include>Animation.FadeOut</include>


            <control type="label">
                <description>header label</description>
                <left>60</left>
                <right>60</right>
                <posy>60</posy>
                <font>EpisodeNumber</font>
                <textcolor>Dark1</textcolor>
                <height>45</height>
                <label>$INFO[ListItem.Label]</label>
            </control>

            <control type="textbox">
                <description>textarea</description>
                <left>60</left>
                <right>60</right>
                <top>150</top>
                <bottom>0</bottom>
                <align>justify</align>
                <font>Medium</font>
                <textcolor>Dark1</textcolor>
                <label>$INFO[Window(Home).Property(SkinHelper.ListItem.Plot)]</label>
            </control>
        </control>

        <control type="button" id="51">
            <visible allowhiddenfocus="true">false</visible>
            <onright>Control.Move(50,1)</onright>
            <onleft>Control.Move(50,-1)</onleft>
            <ondown condition="Control.IsVisible(50)">SendClick(2003,5)</ondown>
            <ondown>9000</ondown>
            <onback condition="Control.IsVisible(50)">SendClick(2003,5)</onback>
            <onback>9000</onback>
            <onclick>RunScript(script.extendedinfo,info=extendedactorinfo,name=$INFO[Container(50).ListItem.Label])</onclick>
        </control>


    </controls>

</window>