<?xml version="1.0" encoding="UTF-8"?>
<!-- Foundation -->
<window id="1129" type="dialog">
<onload condition="Skin.HasSetting(global.showvideo)">Skin.ToggleSetting(global.showvideo)</onload>
<onload condition="!Skin.HasSetting(furniture.nowplaying)">Skin.ToggleSetting(furniture.nowplaying)</onload>
<onload condition="[String.Contains(ListItem.Property(platform),MAME) | substring(Container.FolderPath,plugin://plugin.program.advanced.mame.launcher/,left)] + !IsEmpty(ListItem.trailer)">PlayMedia($INFO[ListItem.trailer],1)</onload>

    <defaultcontrol always="true">9000</defaultcontrol>

	<zorder>0</zorder>
    <onload condition="System.HasAddon(script.videoextras)">RunScript(script.videoextras,check,"$INFO[ListItem.FilenameAndPath]")</onload>
    <onload>ClearProperty(content)</onload>
    <onload>ClearProperty(movie.Fanart,home)</onload>
    <controls>
      <control type="group">
		<control type="image">
				<animation effect="slide" start="0,-1080" end="0" delay="0" time="750" tween="quadratic" easing="out">WindowOpen</animation>
                <animation effect="slide" start="0,0" end="0,-1080" time="300" tween="quadratic" easing="in">WindowClose</animation>
                <animation effect="slide" start="0,-1080" end="0" delay="0" time="750" tween="quadratic" easing="out">Visible</animation>
                <animation effect="slide" start="0,0" end="0,-1080" time="300" tween="quadratic" easing="in">Hidden</animation>		
					<height>600</height>
					<width>600</width>
					<top>0</top>
					<right>SidePad</right>
					<texture>$VAR[GamesExtraArtcontrollers]</texture>
					<aspectratio>keep</aspectratio>
					<visible>String.IsEqual(ListItem.Property(platform),ListItem.Label) + !Control.IsVisible(50) + IsEmpty(Window.Property(content))</visible>
			</control>
		
            <animation type="Conditional" reversible="true" condition="Window.IsVisible(FileBrowser.xml) | Window.IsVisible(DialogConfirm.xml) | Window.IsVisible(DialogSelect.xml) | Window.IsVisible(DialogContextMenu.xml) | Window.IsVisible(DialogButtonMenu.xml)">
                <effect type="zoom" end="95" start="100" time="200" center="auto" tween="quadratic" easing="in" />
            </animation>

            <!-- Poster-->
            <control type="group">
                <visible>!Window.IsVisible(script-script.extendedinfo-DialogVideoInfo.xml)</visible>
                <visible>!Window.IsVisible(script-script.extendedinfo-DialogInfo.xml)</visible>
                <animation effect="slide" start="-1920" end="0" delay="0" time="300" tween="quadratic" easing="out">WindowOpen</animation>
                <animation effect="slide" start="0" end="-1920" time="300" tween="quadratic" easing="in">WindowClose</animation>
                <animation effect="slide" start="-1920" end="0" delay="0" time="300" tween="quadratic" easing="out">Visible</animation>
                <animation effect="slide" start="0" end="-1920" time="300" tween="quadratic" easing="in">Hidden</animation>
                <include>View_50_SidePoster_Square</include>
            </control>

            <!-- Main -->
            <control type="group">
                <visible>!Window.IsVisible(script-script.extendedinfo-DialogVideoInfo.xml)</visible>
                <visible>!Window.IsVisible(script-script.extendedinfo-DialogInfo.xml)</visible>
                <animation effect="slide" start="1920" end="0" delay="0" time="300" tween="quadratic" easing="out">WindowOpen</animation>
                <animation effect="slide" start="0" end="1920" time="300" tween="quadratic" easing="in">WindowClose</animation>
                <animation effect="slide" start="1920" end="0" delay="0" time="300" tween="quadratic" easing="out">Visible</animation>
                <animation effect="slide" start="0" end="1920" time="300" tween="quadratic" easing="in">Hidden</animation>
				
				<control type="image" id="1234">
					<description>Studio Logo</description>
					<posy>80</posy>
					<width>140</width>
					<height>140</height>
					<right>SidePad</right>
					<aspectratio align="right" aligny="top">keep</aspectratio>
					<texture colordiffuse="Dark1">flags/games/studios/$INFO[ListItem.Studio,,.png]</texture>
					<visible>!String.IsEqual(ListItem.Property(platform),ListItem.Label)</visible>
					<visible>!Control.IsVisible(50) + IsEmpty(Window.Property(content))</visible>
					<visible>![Player.Playing | Player.Paused] + Skin.HasSetting(furniture.studiorecord)</visible>
				</control>
				
				<control type="button" id ="5">
                    <width>1</width>
                    <height>1</height>
                    <visible allowhiddenfocus="true">false</visible>
                </control>
                <control type="button" id ="9601">
                    <width>1</width>
                    <height>1</height>
                    <visible allowhiddenfocus="true">false</visible>
                    <onback>9000</onback>
                    <onup>9000</onup>
                    <ondown>9000</ondown>
                    <onleft>9000</onleft>
                    <onright>9000</onright>
                </control>
				
				<control type="group">
                    <include>Animation.DelayFadeIn</include>
                    <visible>ControlGroup(9000).HasFocus()</visible>
                    <centerbottom>258</centerbottom>
                    <height>16</height>
                    <control type="image">
                        <centerleft>734</centerleft>
                        <width>16</width>
                        <height>16</height>
                        <texture colordiffuse="Dark3" flipx="true">common/arrow-small-right.png</texture>
                    </control>
                    <control type="image">
                        <centerright>64</centerright>
                        <width>16</width>
                        <height>16</height>
                        <texture colordiffuse="Dark3" flipx="false">common/arrow-small-right.png</texture>
                    </control>
                </control>
				<control type="group">
                    <include>Animation.DelayFadeIn</include>
                    <visible>Control.HasFocus(51) | [Control.HasFocus(9501) + Control.IsVisible(9501)]</visible>
                    <centerbottom>400</centerbottom>
                    <height>16</height>
                    <control type="image">
                        <centerleft>734</centerleft>
                        <width>16</width>
                        <height>16</height>
                        <texture colordiffuse="Dark3" flipx="true">common/arrow-small-right.png</texture>
                    </control>
                    <control type="image">
                        <centerright>64</centerright>
                        <width>16</width>
                        <height>16</height>
                        <texture colordiffuse="Dark3" flipx="false">common/arrow-small-right.png</texture>
                    </control>
                </control>
				<control type="group">
                    <include>Animation.DelayFadeIn</include>
                    <visible>[Control.HasFocus(9506) + Control.IsVisible(9506)] | [Control.HasFocus(9505) + Control.IsVisible(9505)]</visible>
                    <centerbottom>288</centerbottom>
                    <height>16</height>
                    <control type="image">
                        <centerleft>734</centerleft>
                        <width>16</width>
                        <height>16</height>
                        <texture colordiffuse="Dark3" flipx="true">common/arrow-small-right.png</texture>
                    </control>
                    <control type="image">
                        <centerright>64</centerright>
                        <width>16</width>
                        <height>16</height>
                        <texture colordiffuse="Dark3" flipx="false">common/arrow-small-right.png</texture>
                    </control>
                </control>

                <!-- Control Buttons -->
                <control type="grouplist" id="9000">
				 <visible allowhiddenfocus="true">ControlGroup(9000).HasFocus()</visible>
                    <bottom>224</bottom>
                    <left>ListSquareX</left>
                    <right>SidePad</right>
                    <height>68</height>
                    <bottom>33</bottom>
                    <itemgap>16</itemgap>
                    <ondown>9000</ondown>
                    <onup condition="Control.IsVisible(50) + !Skin.HasSetting(noextendedinfoforcast)">51</onup>
                    <onup condition="Control.IsVisible(50) + Skin.HasSetting(noextendedinfoforcast)">50</onup>
                    <onup condition="Control.IsVisible(9501)">9501</onup>
                    <onup condition="!Control.IsVisible(50) + !Control.IsVisible(9501)">9601</onup>
                    <ondown condition="!Control.IsVisible(50) + !Control.IsVisible(9501)">9601</ondown>
                    <orientation>horizontal</orientation>

                    <control type="button" id ="8">
                        <description>Launch ann Open</description>
						<label>$VAR[LaunchOpen]</label>
						<width>260</width>
						<include>DefInfoButtons</include>
						<onclick condition="!String.IsEqual(ListItem.Property(platform),ListItem.Label)">RunPlugin($INFO[ListItem.FileNameAndPath])</onclick>
						<onclick condition="String.IsEqual(ListItem.Property(platform),ListItem.Label)">Action(Close)</onclick>
						<onclick condition="String.IsEqual(ListItem.Property(platform),ListItem.Label)">Action(Select,1)</onclick>	
                   </control>

                    <control type="button" id="9">
                        <description>Trailer button</description>
                        <label>20410</label>
						<onclick condition="Control.IsVisible(50)">SendClick(1128,5)</onclick>
						<onclick>PlayMedia($INFO[ListItem.trailer])</onclick>
						<width>260</width>
                        <include>DefInfoButtons</include>  
                        <visible>!IsEmpty(ListItem.trailer) + !String.Contains(ListItem.Property(platform),MAME)</visible>
                    </control>

                    <control type="button" id="10">
                        <description>Artwork</description>
                        <label>Artwork</label>
						<width>260</width>
                        <include>DefInfoButtons</include>
						<onclick condition="Control.IsVisible(50)">SendClick(1128,5)</onclick>
						<onclick>SetProperty(content,3)</onclick>
                        <onclick>SetFocus(9505)</onclick> 
						<visible>substring(Container.FolderPath,plugin://plugin.program.advanced.emulator.launcher/,left) + !String.Contains(ListItem.Property(platform),"MAME") + !String.IsEqual(ListItem.Property(platform),ListItem.Label)</visible>
                    </control>
					
                    <control type="button" id="17">
                        <description>Artwork</description>
                        <label>Artwork</label>
						<width>260</width>
                        <include>DefInfoButtons</include>
						<onclick condition="Control.IsVisible(50)">SendClick(1128,5)</onclick>
						<onclick>SetProperty(content,4)</onclick>
                        <onclick>SetFocus(9506)</onclick> 
						<visible>[substring(Container.FolderPath,plugin://plugin.program.advanced.mame.launcher/,left) | String.Contains(ListItem.Property(platform),"MAME")]+ !String.IsEqual(ListItem.Property(platform),ListItem.Label)</visible>
                    </control>

                    <control type="button" id ="18">
                        <description>Youtube</description>
                        <label>31141</label>
						<onclick condition="Control.IsVisible(50)">SendClick(1128,5)</onclick>
                        <onclick>SetProperty(content,2)</onclick>
                        <onclick>SetFocus(9501)</onclick>
						<width>260</width>
                        <include>DefInfoButtons</include>
                    </control>

                    <control type="button" id="13">
                        <description>Options</description>
                        <label>33063</label>
						<onclick condition="Control.IsVisible(50)">SendClick(1128,5)</onclick>
						<width>260</width>
                        <include>DefInfoButtons</include>
						<onclick>Action(ContextMenu,1)</onclick>
                    </control>
                </control>
				
				<control type="label">
                    <right>SidePad</right>
                    <left>540</left>
                    <bottom>290</bottom>
                    <height>50</height>
                    <font>Mini</font>
                    <scroll>true</scroll>
                    <textcolor>Dark3</textcolor>
                    <label>$INFO[Container(9501).NumItems,, $LOCALIZE[31101]  •  ]$INFO[Container(9501).CurrentPage,, $LOCALIZE[20163] ]$INFO[Container(9501).NumPages,, $LOCALIZE[31243]]</label>
                    <aligny>center</aligny>
                    <align>right</align>
                    <visible>Control.HasFocus(9501)</visible>
                    <include>Animation.DelayFadeIn</include>
                </control>

                <control type="label">
                    <visible>Control.IsVisible(50) | [!IsEmpty(Window.Property(content))+ String.IsEqual(Window.Property(content),2) + !Container(9501).IsUpdating]</visible>
                    <left>ListSquareX</left>
                    <right>SidePad</right>
                    <top>280</top>
                    <description>Header Label</description>
                    <textcolor>Dark2</textcolor>
                    <font>Small</font>
                    <label>$INFO[ListItem.Title] • Youtube $LOCALIZE[3]</label>
                    <include>Animation.DelayFadeIn</include>
                </control>

                <!-- Info -->
                <control type="group">
					<visible>!Control.IsVisible(50) + IsEmpty(Window.Property(content))</visible>
                    <left>ListSquareX</left>
                    <right>SidePad</right>
                    <bottom>224</bottom>
                    <top>PosterPad</top>
					
					<control type="videowindow">
							<top>30</top>
							<right>0</right>
							<height>330</height>
							<width>440</width>
							<width>100%</width>
							<height>100%</height>
							<aspectratio scalediffuse="false">scale</aspectratio>
							<visible>[String.Contains(ListItem.Property(platform),"MAME") | substring(Container.FolderPath,plugin://plugin.program.advanced.mame.launcher/,left)] + !IsEmpty(ListItem.trailer)</visible>
					</control>
					
						<control type="image">
						<visible>Skin.HasSetting(furniture.discart)</visible>
							<right>0</right>
							<width>410</width>
							<height>410</height>
							<aspectratio scalediffuse="false" align="left" aligny="top">keep</aspectratio>
							<fadetime>300</fadetime>
							<texture>$INFO[ListItem.Art(cartridge)]</texture>
							<visible>!String.Contains(ListItem.Property(platform),"MAME") + !substring(Container.FolderPath,plugin://plugin.program.advanced.mame.launcher/,left)</visible>
						</control>

					 <control type="image">
						<top>150</top>
                        <right>0</right>
                        <width>460</width>
                        <height>460</height>
						<aspectratio scalediffuse="false" align="left" aligny="top">keep</aspectratio>
                        <texture>http://mamedev.org/_include/img/logo-mame.png</texture>
						<visible>[String.Contains(ListItem.Property(platform),"MAME") | substring(Container.FolderPath,plugin://plugin.program.advanced.mame.launcher/,left)] + IsEmpty(ListItem.trailer) + !String.IsEqual(ListItem.Label,"MAME")</visible>
                    </control>
					
                    <control type="grouplist">
                        <left>30</left>
                        <right>30</right>
                        <itemgap>0</itemgap>
                        <control type="label">
                            <description>Header Label</description>
                            <textcolor>Dark1</textcolor>
                            <include>DefDialogInfoHeader</include>
                            <label>$INFO[ListItem.Title]</label>
                        </control>
                        <control type="group">
                            <height>50</height>
                            <control type="label">
                                <posy>-10</posy>
                                <right>420</right>
                                <height>36</height>
                                <font>Tiny</font>
                                <textcolor>Dark2</textcolor>
                                <label>$INFO[ListItem.Tagline]</label>
                                <aligny>center</aligny>
                            </control>
                        </control>

                        <control type="group">

                            <height>36</height>
                            <control type="label">
                                <width>100%</width>
                                <height>36</height>
                                <font>Tiny</font>
                                <textcolor>Dark1</textcolor>
                                <label>[B]$LOCALIZE[345][/B]</label>
                                <aligny>center</aligny>
                            </control>
                            <control type="label">
                                <left>170</left>
                                <right>420</right>
                                <height>36</height>
                                <font>Tiny</font>
                                <textcolor>Dark2</textcolor>
                                <label fallback="19055">$INFO[ListItem.Year]</label>
                                <aligny>center</aligny>
                            </control>
                        </control>
						
                        <!-- <control type="group">
                            <height>36</height>
                            <control type="label">
                                <width>100%</width>
                                <height>36</height>
                                <font>Tiny</font>
                                <textcolor>Dark1</textcolor>
                                <label>[B]$LOCALIZE[563][/B]</label>
                                <aligny>center</aligny>
                            </control>
                            <control type="label">
                                <left>170</left>
                                <right>420</right>
                                <height>36</height>
                                <font>Tiny</font>
                                <textcolor>Dark2</textcolor>
                                <label fallback="19055">$INFO[ListItem.Rating]</label>
                                <aligny>center</aligny>
                            </control>
                        </control>-->
						
                        <control type="group">
                            <height>36</height>
                            <control type="label">
                                <width>100%</width>
                                <height>36</height>
                                <font>Tiny</font>
                                <textcolor>Dark1</textcolor>
                                <label>[B]$LOCALIZE[515][/B]</label>
                                <aligny>center</aligny>
                            </control>
                            <control type="label">
                                <left>170</left>
                                <right>420</right>
                                <height>36</height>
                                <font>Tiny</font>
                                <textcolor>Dark2</textcolor>
                                <label fallback="19055">$INFO[ListItem.Genre]</label>
                                <aligny>center</aligny>
                            </control>
                        </control>
						
                        <control type="group">
                            <height>36</height>
                            <control type="label">
                                <width>100%</width>
                                <height>36</height>
                                <font>Tiny</font>
                                <textcolor>Dark1</textcolor>
                                <label>[B]$LOCALIZE[572][/B]</label>
                                <aligny>center</aligny>
                            </control>
                            <control type="label">
                                <left>170</left>
                                <right>420</right>
                                <height>36</height>
                                <font>Tiny</font>
                                <textcolor>Dark2</textcolor>
                                <label fallback="19055">$INFO[ListItem.Studio]</label>
                                <aligny>center</aligny>
                            </control>
                        </control>
						
						<control type="group">
							<visible>!String.IsEqual(ListItem.Property(platform),ListItem.Label)</visible>
                            <height>36</height>
                            <control type="label">
                                <width>100%</width>
                                <height>36</height>
                                <font>Tiny</font>
                                <textcolor>Dark1</textcolor>
                                <label>[B]$LOCALIZE[31296][/B]</label>
                                <aligny>center</aligny>
                            </control>
                            <control type="label">
                                <left>170</left>
                                <right>420</right>
                                <height>36</height>
                                <font>Tiny</font>
                                <textcolor>Dark2</textcolor>
                                <label fallback="19055">$INFO[ListItem.Property(nplayers)]</label>
                                <aligny>center</aligny>
                            </control>
                        </control>
						
						<control type="group">
						<visible>!String.IsEqual(ListItem.Property(platform),ListItem.Label)</visible>
                            <height>36</height>
                            <control type="label">
                                <width>100%</width>
                                <height>36</height>
                                <font>Tiny</font>
                                <textcolor>Dark1</textcolor>
                                <label>[B]$LOCALIZE[563][/B]</label>
                                <aligny>center</aligny>
                            </control>
                            <control type="label">
                                <left>170</left>
                                <right>420</right>
                                <height>36</height>
                                <font>Tiny</font>
                                <textcolor>Dark2</textcolor>
                                <label fallback="19055">$INFO[ListItem.Property(esrb)]</label>
                                <aligny>center</aligny>
                            </control>
                        </control>
						
                        <control type="group">
							<visible>!String.IsEqual(ListItem.Property(platform),ListItem.Label)</visible>
                            <height>36</height>
                            <control type="label">
                                <width>100%</width>
                                <height>36</height>
                                <font>Tiny</font>
                                <textcolor>Dark1</textcolor>
                                <label>[B]$LOCALIZE[31289][/B]</label>
                                <aligny>center</aligny>
                            </control>
                            <control type="label">
                                <left>170</left>
                                <right>420</right>
                                <height>36</height>
                                <font>Tiny</font>
                                <textcolor>Dark2</textcolor>
                                <label fallback="19055">$INFO[ListItem.Property(platform)]</label>
                                <aligny>center</aligny>
                            </control>
                        </control>
                        </control>
					<control type="group">
							<top>430</top>
							<left>30</left>
							<right>30</right>					  
                        <control type="textbox">					
                            <width>100%</width>
                            <height>120</height>
                            <font>Tiny</font>
							<label>$VAR[LabelPlotBox]</label>
                            <textcolor>Dark2</textcolor>
                            <align>justify</align>
                        </control>
					</control>
				</control>	
                
				<control type="list" id="9501">
                    <visible allowhiddenfocus="true">!IsEmpty(Window.Property(content)) + String.IsEqual(Window.Property(content),2) + !Container(9501).IsUpdating + !Control.IsVisible(50)</visible>
					 <onleft>9501</onleft>
                    <onright>9501</onright>
                    <bottom>80</bottom>
                    <left>742</left>
                    <width>1108</width>
                    <height>670</height>
                    <include>Animation.FadeIn.Slide</include>
                    <ondown>ClearProperty(content)</ondown>
                    <ondown>9000</ondown>
                    <onback>ClearProperty(content)</onback>
                    <onback>9000</onback>
                    <orientation>horizontal</orientation>
                    <preloaditems>2</preloaditems>
                    <scrolltime tween="quadratic">400</scrolltime>
                    <itemlayout height="415" width="554">
                        <include>DefExtendedInfoItemContent</include>
                    </itemlayout>
                    <focusedlayout height="415" width="554">
                        <include>DefExtendedInfoFocusContent</include>
                    </focusedlayout>
					<content>plugin://script.extendedinfo?info=youtubesearchvideos&amp;&amp;id=$INFO[ListItem.Title]</content>
                </control>
				
				<control type="list" id="9505">
                    <visible allowhiddenfocus="true">String.IsEqual(Window.Property(content),3) + !Container(9505).IsUpdating + !Control.IsVisible(50)</visible>
					<include>Animation.DelayFadeIn.Slide</include>
					<ondown>ClearProperty(content)</ondown>
                    <ondown>9000</ondown>
                    <onback>ClearProperty(content)</onback>
                    <onback>9000</onback>
                    <onleft>9505</onleft>
                    <onright>9505</onright>
                    <top>PosterPad</top>
					<left>742</left>
					<width>1108</width>
					<height>670</height>
					<include>Animation.FadeIn.Slide</include>
					<ondown>ClearProperty(content)</ondown>
					<ondown>9000</ondown>
					<orientation>horizontal</orientation>
					<preloaditems>2</preloaditems>
					<scrolltime tween="quadratic">400</scrolltime>
					<itemlayout height="PosterH" width="554">
						<control type="image">
							<left>10</left>
							<top>10</top>
							<right>10</right>
							<bottom>140</bottom>
							<texture colordiffuse="Dark4" border="5">common/box.png</texture>
						</control>

						<control type="image">
							<left>10</left>
							<top>10</top>
							<right>10</right>
							<bottom>140</bottom>
							<aspectratio scalediffuse="false">keep</aspectratio>
							<texture diffuse="diffuse/wall.png" background="true" fallback="DefaultPicture.png">$INFO[ListItem.Icon]</texture>
						</control>

						<control type="image">
							<left>10</left>
							<right>10</right>
							<bottom>10</bottom>
							<height>106</height>
							<texture colordiffuse="Dark4" border="10">common/box.png</texture>
						</control>
						<control type="textbox">
							<left>20</left>
							<right>20</right>
							<centerbottom>60</centerbottom>
							<height>92</height>
							<font>Mini</font>
							<autoscroll>false</autoscroll>
							<textcolor>Dark2</textcolor>
							<label>$INFO[ListItem.Label]$VAR[LabelImageList,[CR](,)]</label>
							<aligny>top</aligny>
							<align>center</align>
						</control>
					</itemlayout>
					<focusedlayout height="PosterH" width="554">
							<control type="image">
							<left>10</left>
							<top>10</top>
							<right>10</right>
							<bottom>140</bottom>
							<texture colordiffuse="Dark4" border="10">common/box.png</texture>
						</control>
						<control type="image">
							<left>10</left>
							<top>10</top>
							<right>10</right>
							<bottom>140</bottom>
							<aspectratio scalediffuse="false">keep</aspectratio>
							<texture diffuse="diffuse/wall.png" background="true" fallback="DefaultPicture.png">$INFO[ListItem.Icon]</texture>
						</control>
						<control type="group">
							<control type="image">
								<left>10</left>
								<right>10</right>
								<bottom>10</bottom>
								<height>106</height>
								<texture colordiffuse="$VAR[ColorHighlight]" border="5">common/box.png</texture>
							</control>
							<control type="textbox">
								<left>20</left>
								<right>20</right>
								<centerbottom>62</centerbottom>
								<height>92</height>
								<font>Mini</font>
								<scroll>true</scroll>
								<textcolor>PanelWhite100</textcolor>
								<label>$INFO[ListItem.Label]$VAR[LabelImageList,[CR](,)]</label>
								<aligny>top</aligny>
								<align>center</align>
							</control>
						</control>
					</focusedlayout>
					<content>
					<item id="1">
	                    <icon>$INFO[ListItem.Art(flyer)]</icon>
	                    <label>Flyer</label>
	                    <visible>!isEmpty(ListItem.Art((flyer))</visible>
						<onclick>9505</onclick>
                     </item>
					<item id="2">
	                    <icon>$INFO[ListItem.Art(boxfront)]</icon>
	                    <label>31291</label>
	                    <visible>!isEmpty(ListItem.Art(boxfront))</visible>
						<onclick>9505</onclick>
                     </item>
                     <item id="3">
                    <icon>$INFO[ListItem.Art(boxback)]</icon>
                    <label>31292</label>
                     <visible>!isEmpty(ListItem.Art(boxback))</visible>
					<onclick>9505</onclick>
                     </item>
					<item id="4">
                    <icon>$INFO[ListItem.Art(title)]</icon>
                    <label>31290</label>
                    <visible>!isEmpty(ListItem.Art(title))</visible>
					<onclick>9505</onclick>
                     </item>
					<item id="5">
                    <icon>$INFO[ListItem.Art(snap)]</icon>
                    <label>Snapshot</label>
                    <visible>!isEmpty(ListItem.Art(snap))</visible>
					<onclick>9505</onclick>
                    </item>
					<item id="6">
                    <icon>$INFO[ListItem.Art(cartridge)]</icon>
                    <label>$LOCALIZE[31293]  •  $LOCALIZE[31294]</label>
                     <visible>!isEmpty(ListItem.Art(cartridge))</visible>
					<onclick>9505</onclick>
                    </item>
					<item id="7">
                    <icon>$INFO[ListItem.Art(map)]</icon>
                    <label>31295</label>
                     <visible>!isEmpty(ListItem.Art(map))</visible>
					<onclick>9505</onclick>
                    </item>
				</content>
                </control>
				
				<control type="list" id="9506">
                    <visible allowhiddenfocus="true">String.IsEqual(Window.Property(content),4) + !Container(9506).IsUpdating + !Control.IsVisible(50)</visible>
					<include>Animation.DelayFadeIn.Slide</include>
					<ondown>ClearProperty(content)</ondown>
                    <ondown>9000</ondown>
                    <onback>ClearProperty(content)</onback>
                    <onback>9000</onback>
                    <onleft>9506</onleft>
                    <onright>9506</onright>
                    <top>PosterPad</top>
					<left>742</left>
					<width>1108</width>
					<height>670</height>
					<include>Animation.FadeIn.Slide</include>
					<ondown>ClearProperty(content)</ondown>
					<ondown>9000</ondown>
					<orientation>horizontal</orientation>
					<preloaditems>2</preloaditems>
					<scrolltime tween="quadratic">400</scrolltime>
					<itemlayout height="PosterH" width="554">
						<control type="image">
							<left>10</left>
							<top>10</top>
							<right>10</right>
							<bottom>140</bottom>
							<texture colordiffuse="Dark4" border="5">common/box.png</texture>
						</control>

						<control type="image">
							<left>10</left>
							<top>10</top>
							<right>10</right>
							<bottom>140</bottom>
							<aspectratio scalediffuse="false">keep</aspectratio>
							<texture diffuse="diffuse/wall.png" background="true" fallback="DefaultPicture.png">$INFO[ListItem.Icon]</texture>
						</control>

						<control type="image">
							<left>10</left>
							<right>10</right>
							<bottom>10</bottom>
							<height>106</height>
							<texture colordiffuse="Dark4" border="10">common/box.png</texture>
						</control>
						<control type="textbox">
							<left>20</left>
							<right>20</right>
							<centerbottom>60</centerbottom>
							<height>92</height>
							<font>Mini</font>
							<autoscroll>false</autoscroll>
							<textcolor>Dark2</textcolor>
							<label>$INFO[ListItem.Label]$VAR[LabelImageList,[CR](,)]</label>
							<aligny>top</aligny>
							<align>center</align>
						</control>
					</itemlayout>
					<focusedlayout height="PosterH" width="554">
							<control type="image">
							<left>10</left>
							<top>10</top>
							<right>10</right>
							<bottom>140</bottom>
							<texture colordiffuse="Dark4" border="10">common/box.png</texture>
						</control>
						<control type="image">
							<left>10</left>
							<top>10</top>
							<right>10</right>
							<bottom>140</bottom>
							<aspectratio scalediffuse="false">keep</aspectratio>
							<texture diffuse="diffuse/wall.png" background="true" fallback="DefaultPicture.png">$INFO[ListItem.Icon]</texture>
						</control>
						<control type="group">
							<control type="image">
								<left>10</left>
								<right>10</right>
								<bottom>10</bottom>
								<height>106</height>
								<texture colordiffuse="$VAR[ColorHighlight]" border="5">common/box.png</texture>
							</control>
							<control type="textbox">
								<left>20</left>
								<right>20</right>
								<centerbottom>62</centerbottom>
								<height>92</height>
								<font>Mini</font>
								<scroll>true</scroll>
								<textcolor>PanelWhite100</textcolor>
								<label>$INFO[ListItem.Label]$VAR[LabelImageList,[CR](,)]</label>
								<aligny>top</aligny>
								<align>center</align>
							</control>
						</control>
					</focusedlayout>
					<content>
					<item id="1">
	                    <icon>$INFO[ListItem.Art(flyer)]</icon>
	                    <label>Flyer</label>
	                    <visible>!isEmpty(ListItem.Art((flyer))</visible>
						<onclick>9506</onclick>
                     </item>
					<item id="2">
	                    <icon>$INFO[ListItem.Art(boxfront)]</icon>
	                    <label>31297</label>
	                    <visible>!isEmpty(ListItem.Art(boxfront))</visible>
						<onclick>9506</onclick>
                     </item>
                     <item id="3">
                    <icon>$INFO[ListItem.Art(boxback)]</icon>
                    <label>31298</label>
                     <visible>!isEmpty(ListItem.Art(boxback))</visible>
					<onclick>9506</onclick>
                     </item>
					<item id="4">
                    <icon>$INFO[ListItem.Art(title)]</icon>
                    <label>31290</label>
                    <visible>!isEmpty(ListItem.Art(title))</visible>
					<onclick>9506</onclick>
                     </item>
					<item id="5">
                    <icon>$INFO[ListItem.Art(snap)]</icon>
                    <label>Snapshot</label>
                    <visible>!isEmpty(ListItem.Art(snap))</visible>
					<onclick>9506</onclick>
                    </item>
					<item id="6">
                    <icon>$INFO[ListItem.Art(cartridge)]</icon>
                    <label>PCB</label>
                     <visible>!isEmpty(ListItem.Art(cartridge))</visible>
					<onclick>9506</onclick>
                    </item>
					<item id="7">
                    <icon>$INFO[ListItem.Art(map)]</icon>
                    <label>31295</label>
                     <visible>!isEmpty(ListItem.Art(map))</visible>
					<onclick>9506</onclick>
                    </item>
				</content>
                </control>
				
					
            </control>
        </control>				
          
		  
		  <control type="group">
            <visible>Control.HasFocus(9601)</visible>
            <include>Animation.FadeIn</include>
            <include>Animation.FadeOut</include>

            <control type="image" description="Background">
                <include>Dimensions_Fullscreen</include>
                <texture colordiffuse="Background">common/bg.jpg</texture>
                <animation effect="fade" start="100" end="95" condition="true">Conditional</animation>
            </control>

            <control type="image" description="clearlogo">
                <visible>Skin.HasSetting(furniture.logo)</visible>
                <centertop>120</centertop>
                <centerleft>50%</centerleft>
                <width>400</width>
                <height>100</height>
                <aspectratio align="center">keep</aspectratio>
                <texture background="true">$VAR[ClearLogoTopVar]</texture>
            </control>
        </control>
		
		
		
		<control type="group">
            <left>SidePad</left>
            <right>SidePad</right>
            <top>PosterPad</top>
            <height>640</height>
            <visible>Control.HasFocus(9601)</visible>
            <include>Animation.FadeIn.Slide</include>
            <include>Animation.FadeOut</include>	 
				 
			<control type="label">
                <description>header label</description>
                <left>60</left>
                <right>60</right>
                <posy>60</posy>
                <font>EpisodeNumber</font>
                <textcolor>Dark1</textcolor>
                <height>45</height>
                <label>$INFO[ListItem.Label]</label>
            </control>

             <control type="textbox">
                <description>textarea</description>
                <left>60</left>
                <right>60</right>
                <top>150</top>
                <bottom>0</bottom>
                <align>justify</align>
                <font>Medium</font>
                <textcolor>Dark1</textcolor>
                <label>$INFO[ListItem.Tagline,[B],[/B][CR][CR]]$INFO[ListItem.Plot]</label>
            </control>
        </control>
</controls>
	<onunload condition="Player.HasVideo">PlayerControl(Stop)</onunload>
	<onunload condition="Skin.HasSetting(furniture.nowplaying)">Skin.ToggleSetting(furniture.nowplaying)</onunload>
	<onunload condition="!Skin.HasSetting(global.showvideo)">Skin.ToggleSetting(global.showvideo)</onunload>
</window>
