<?xml version="1.0" encoding="UTF-8"?>
<!-- Foundation -->
<window id="106">
    <defaultcontrol always="true">1000</defaultcontrol>


    <coordinates>
        <origin x="0" y="0" />
    </coordinates>

    <controls>

        <include>GlobalOverlay</include>
        <control type="group">
            <include>Animation.ZoomIn</include>
            <include>Animation.FadeOut</include>
            <top>200</top>
            <centerleft>50%</centerleft>
            <width>466</width>
            <control type="image" id="999">
                <description>background image</description>
                <posx>0</posx>
                <posy>-16</posy>
                <width>466</width>
                <height>871</height>
                <texture border="16" colordiffuse="White100">common/rounded-shadow8.png</texture>
            </control>

            <control type="grouplist" id="996">
                <description>grouplist for context buttons</description>
                <posx>8</posx>
                <posy>0</posy>
                <width>510</width>
                <height max="839">auto</height>
                <itemgap>0</itemgap>
				<control type="button" id="3689">
					<description>Movie Set Information</description>
					<label>14116</label>
					<onclick>ActivateWindow(1131)</onclick>
					<include>DefContextButton</include>
					<visible>Container.Content(sets)</visible>
				</control>
                <control type="button" id="1000">
                    <description>Buttons</description>
                    <include>DefContextButton</include>
                </control>
            </control>
        </control>

    </controls>

</window>
