<?xml version="1.0" encoding="UTF-8"?>
<!-- Foundation -->
<window id="107">


    <controls>

        <control type="group">
            <visible>!Window.IsVisible(DialogVolumeBar.xml)</visible>
            <right>72</right>
            <posy>70</posy>
            <width>660</width>
            <height>100</height>
            <include>Animation.FadeIn.Slide</include>
            <include>Animation.FadeOut</include>

            <control type="image">
                <description>background image</description>
                <posx>0</posx>
                <posy>0</posy>
                <width>660</width>
                <height>100</height>
                <colordiffuse>Light1</colordiffuse>
                <animation effect="fade" start="100" end="90" condition="Skin.HasSetting(osd.usetheme) | [!Window.IsVisible(fullscreenvideo) + !Window.IsVisible(visualisation)]">Conditional</animation>
                <texture border="16">common/rounded-shadow8.png</texture>
            </control>

            <control type="group">

                <control type="image" id="400">
                    <left>20</left>
                    <centertop>50%</centertop>
                    <width>64</width>
                    <height>64</height>
                    <aspectratio>keep</aspectratio>
                    <colordiffuse>$VAR[OSDPanelWhite70-Kaitoast]</colordiffuse>
                    <texture>kaitoast/info.png</texture>
                </control>

                <control type="label" id="401">
                    <left>104</left>
                    <width>536</width>
                    <top>22</top>
                    <height>24</height>
                    <aligny>center</aligny>
                    <font>TinyBold</font>
                    <textcolor>Dark1</textcolor>
                </control>
                <control type="label" id="402">
                    <left>104</left>
                    <width>536</width>
                    <bottom>22</bottom>
                    <height>24</height>
                    <aligny>center</aligny>
                    <font>Tiny</font>
                    <textcolor>$VAR[ColorHighlight]</textcolor>
                </control>

            </control>
        </control>

    </controls>

</window>
