<?xml version="1.0" encoding="UTF-8"?>
<!-- Foundation -->
<window id="101">
    <onunload condition="!Skin.HasSetting(startup.init)">Skin.SetBool(osd.usetheme)</onunload>
    <onunload condition="!Skin.HasSetting(startup.init)">Skin.SetBool(global.hidecirles)</onunload>
    <onunload condition="!Skin.HasSetting(startup.init)">Skin.SetBool(home.classicwidgets)</onunload>
    <onunload condition="!Skin.HasSetting(startup.init)">Skin.SetBool(startup.init)</onunload>
    <controls>

        <include>GlobalOverlay</include>

        <control type="group">
            <include>DefDialogOK</include>
            <control type="grouplist">
                <posy>310</posy>
                <height>66</height>
                <width>100%</width>
                <align>center</align>
                <orientation>horizontal</orientation>
                <itemgap>30</itemgap>
                <control type="button" id="11">
                    <description>Yes</description>
                    <width>320</width>
                    <label>107</label>
                    <font>Button</font>
                    <texturefocus colordiffuse="$VAR[ColorHighlight]" border="5">common/box.png</texturefocus>
                    <texturenofocus colordiffuse="Black12" border="5">common/box.png</texturenofocus>
                </control>
                <control type="button" id="10">
                    <description>No</description>
                    <width>320</width>
                    <label>106</label>
                    <font>Button</font>
                    <texturefocus colordiffuse="$VAR[ColorHighlight]" border="5">common/box.png</texturefocus>
                    <texturenofocus colordiffuse="Black12" border="5">common/box.png</texturenofocus>
                </control>
            </control>
            <control type="progress" id="20">
                <description>Progressbar</description>
                <left>15</left>
                <right>15</right>
                <posy>260</posy>
                <height>27</height>
                <info>System.Progressbar</info>
                <texturebg colordiffuse="Black12">osd/progress-bg.png</texturebg>
            </control>

        </control>

    </controls>

</window>
