<window type="dialog">
    <defaultcontrol always="true">120</defaultcontrol>
    <controls>
        <control type="group">
            <posy>95</posy>
            <width>1630</width>
            <height>798</height>
            <include>DefDialogInfoPanel</include>

            <!-- Header -->
            <control type="label" id="100">
                <description>Header Label</description>
                <centerleft>50%</centerleft>
                <width>1000</width>
                <align>center</align>
                <label>13388</label>
                <posy>15</posy>
                <font>MediumBold</font>
            </control>

            <!-- Header Image -->
            <control type="image" id="110">
                <posx>15</posx>
                <posy>15</posy>
                <width>330</width>
                <height>60</height>
                <aspectratio align="left" aligny="top">keep</aspectratio>
            </control>





            <!-- Subs List -->
            <control type="list" id="120">
                <left>15</left>
                <posy>90</posy>
                <width>1100</width>
                <height>621</height>
                <onup>120</onup>
                <onleft>150</onleft>
                <onright>150</onright>
                <ondown>120</ondown>
                <itemlayout height="69" width="1100">
                    <control type="image">
                        <posx>11</posx>
                        <posy>12</posy>
                        <width>44</width>
                        <height>44</height>
                        <texture fallback="DefaultAddonNone.png">subs/$INFO[ListItem.Thumb].png</texture>
                    </control>
                    <control type="image">
                        <left>77</left>
                        <top>22</top>
                        <width>100</width>
                        <height>24</height>
                        <aspectratio align="left">keep</aspectratio>
                        <texture>subs/icon_close_caption.png</texture>
                        <visible>!ListItem.property(hearing_imp)</visible>
                        <colordiffuse>Black30</colordiffuse>
                        <animation effect="fade" start="100" end="25" condition="true">Conditional</animation>
                    </control>
                    <control type="image">
                        <left>130</left>
                        <top>22</top>
                        <width>100</width>
                        <height>24</height>
                        <aspectratio align="left">keep</aspectratio>
                        <texture>subs/icon_sync.png</texture>
                        <visible>!ListItem.property(sync)</visible>
                        <colordiffuse>Black30</colordiffuse>
                        <animation effect="fade" start="100" end="25" condition="true">Conditional</animation>
                    </control>
                    <control type="image">
                        <left>77</left>
                        <top>22</top>
                        <width>100</width>
                        <height>24</height>
                        <aspectratio align="left">keep</aspectratio>
                        <colordiffuse>Black70</colordiffuse>
                        <texture>subs/icon_close_caption.png</texture>
                        <visible>ListItem.property(hearing_imp)</visible>
                    </control>
                    <control type="image">
                        <left>130</left>
                        <top>22</top>
                        <width>100</width>
                        <height>24</height>
                        <aspectratio align="left">keep</aspectratio>
                        <texture>subs/icon_sync.png</texture>
                        <colordiffuse>Black70</colordiffuse>
                        <visible>ListItem.property(sync)</visible>
                    </control>

                    <control type="label">
                        <posx>227</posx>
                        <right>30</right>
                        <height>66</height>
                        <aligny>center</aligny>
                        <label>$INFO[ListItem.Label,,  •  ]$INFO[ListItem.Label2]</label>
                        <textcolor>Black70</textcolor>
                        <font>Small</font>
                    </control>

                </itemlayout>

                <focusedlayout height="69" width="1100">
                    <control type="image">
                        <height>66</height>
                        <width>100%</width>
                        <texture border="5" colordiffuse="$VAR[ColorHighlight]">common/box.png</texture>
                    </control>
                    <control type="image">
                        <posx>11</posx>
                        <posy>12</posy>
                        <width>44</width>
                        <height>44</height>
                        <texture fallback="DefaultAddonNone.png">subs/$INFO[ListItem.Thumb].png</texture>
                    </control>
                    <control type="image">
                        <left>77</left>
                        <top>22</top>
                        <width>100</width>
                        <height>24</height>
                        <aspectratio align="left">keep</aspectratio>
                        <texture>subs/icon_close_caption.png</texture>
                        <visible>!ListItem.property(hearing_imp)</visible>
                        <colordiffuse>White30</colordiffuse>
                        <animation effect="fade" start="100" end="25" condition="true">Conditional</animation>
                    </control>
                    <control type="image">
                        <left>130</left>
                        <top>22</top>
                        <width>100</width>
                        <height>24</height>
                        <aspectratio align="left">keep</aspectratio>
                        <texture>subs/icon_sync.png</texture>
                        <visible>!ListItem.property(sync)</visible>
                        <colordiffuse>White30</colordiffuse>
                        <animation effect="fade" start="100" end="25" condition="true">Conditional</animation>
                    </control>
                    <control type="image">
                        <left>77</left>
                        <top>22</top>
                        <width>100</width>
                        <height>24</height>
                        <colordiffuse>White100</colordiffuse>
                        <aspectratio align="left">keep</aspectratio>
                        <texture>subs/icon_close_caption.png</texture>
                        <visible>ListItem.property(hearing_imp)</visible>
                    </control>
                    <control type="image">
                        <left>130</left>
                        <top>22</top>
                        <width>100</width>
                        <height>24</height>
                        <colordiffuse>White100</colordiffuse>
                        <aspectratio align="left">keep</aspectratio>
                        <texture>subs/icon_sync.png</texture>
                        <visible>ListItem.property(sync)</visible>
                    </control>
                    <control type="label">
                        <posx>227</posx>
                        <right>30</right>
                        <height>66</height>
                        <aligny>center</aligny>
                        <label>$INFO[ListItem.Label,,  •  ]$INFO[ListItem.Label2]</label>
                        <textcolor>White100</textcolor>
                        <font>Small</font>
                        <scroll>true</scroll>
                    </control>

                </focusedlayout>

            </control>


            <!-- Search Labels -->
            <control type="label" id="140">
                <description>Content Picker label</description>
                <posx>295</posx>
                <bottom>15</bottom>
                <width>1438</width>
                <align>left</align>
                <textcolor>Black30</textcolor>
                <visible>false</visible>
            </control>

            <control type="label">
                <description>Content Picker label</description>
                <left>45</left>
                <right>30</right>
                <bottom>15</bottom>
                <align>left</align>
                <font>Tiny</font>
                <textcolor>Black70</textcolor>
                <label>$INFO[Control.GetLabel(140),,   ]$INFO[Player.FileName]</label>
            </control>

            <!-- Manual Search -->
            <control type="button" id="160">
                <posx>1130</posx>
                <posy>90</posy>
                <width>485</width>
                <height>66</height>
                <label>413</label>
                <ondown>150</ondown>
                <onleft>120</onleft>
                <align>left</align>
                <textcolor>Black30</textcolor>
                <focusedcolor>White100</focusedcolor>
                <texturefocus border="5" colordiffuse="$VAR[ColorHighlight]">common/box.png</texturefocus>
                <texturenofocus border="5" colordiffuse="Black12">common/box.png</texturenofocus>
            </control>

            <!-- Providers -->
            <control type="list" id="150">
                <description>Button Area</description>
                <posx>1130</posx>
                <posy>159</posy>
                <width>485</width>
                <height>552</height>
                <onleft>120</onleft>
                <onright>120</onright>
                <onup>160</onup>
                <ondown>120</ondown>
                <orientation>vertical</orientation>
                <scrolltime>0</scrolltime>
                <itemlayout height="69" width="485">
                    <control type="image">
                        <height>66</height>
                        <width>100%</width>
                        <texture border="5" colordiffuse="Black12">common/box.png</texture>
                    </control>
                    <control type="label">
                        <left>30</left>
                        <right>30</right>
                        <height>66</height>
                        <aligny>center</aligny>
                        <label>$INFO[ListItem.Label]</label>
                        <textcolor>Black30</textcolor>
                        <selectedcolor>Highlight2</selectedcolor>
                    </control>

                </itemlayout>

                <focusedlayout height="69" width="485">
                    <control type="image">
                        <height>66</height>
                        <width>100%</width>
                        <texture border="5" colordiffuse="$VAR[ColorHighlight]">common/box.png</texture>
                        <visible>Control.HasFocus(150)</visible>
                    </control>
                    <control type="image">
                        <height>69</height>
                        <width>100%</width>
                        <texture border="5" colordiffuse="Black12">common/box.png</texture>
                        <visible>!Control.HasFocus(150)</visible>
                    </control>
                    <control type="label">
                        <left>30</left>
                        <right>30</right>
                        <height>66</height>
                        <aligny>center</aligny>
                        <label>$INFO[ListItem.Label]</label>
                        <textcolor>Black30</textcolor>
                        <selectedcolor>Highlight2</selectedcolor>
                        <visible>!Control.HasFocus(150)</visible>
                    </control>
                    <control type="label">
                        <left>30</left>
                        <right>30</right>
                        <height>66</height>
                        <aligny>center</aligny>
                        <label>$INFO[ListItem.Label]</label>
                        <textcolor>White100</textcolor>
                        <selectedcolor>Highlight2</selectedcolor>
                        <visible>Control.HasFocus(150)</visible>
                    </control>

                </focusedlayout>
            </control>






        </control>
    </controls>
</window>
