<?xml version="1.0" encoding="UTF-8"?>
<!-- Foundation -->
<window id="2003">
    <defaultcontrol always="true">9000</defaultcontrol>

    <zorder>0</zorder>
    <onload condition="System.HasAddon(script.videoextras)">RunScript(script.videoextras,check,"$INFO[ListItem.FilenameAndPath]")</onload>
    <onload>ClearProperty(content)</onload>
    <onload>ClearProperty(movie.Fanart,home)</onload>
    <controls>

        <control type="group">
            <animation type="Conditional" reversible="true" condition="Window.IsVisible(FileBrowser.xml) | Window.IsVisible(DialogConfirm.xml) | Window.IsVisible(DialogSelect.xml) | Window.IsVisible(DialogContextMenu.xml) | Window.IsVisible(DialogButtonMenu.xml)">
                <effect type="zoom" end="95" start="100" time="200" center="auto" tween="quadratic" easing="in" />
            </animation>
            <control type="group">
                <visible>!Window.IsVisible(script-script.extendedinfo-DialogVideoInfo.xml)</visible>
                <visible>!Window.IsVisible(script-script.extendedinfo-DialogInfo.xml)</visible>
                <animation effect="slide" start="-1920" end="0" delay="0" time="300" tween="quadratic" easing="out">WindowOpen</animation>
                <animation effect="slide" start="0" end="-1920" time="300" tween="quadratic" easing="in">WindowClose</animation>
                <animation effect="slide" start="-1920" end="0" delay="0" time="300" tween="quadratic" easing="out">Visible</animation>
                <animation effect="slide" start="0" end="-1920" time="300" tween="quadratic" easing="in">Hidden</animation>
                <include>View_50_SidePoster</include>
            </control>
            <control type="group">
                <visible>!Window.IsVisible(script-script.extendedinfo-DialogVideoInfo.xml)</visible>
                <visible>!Window.IsVisible(script-script.extendedinfo-DialogInfo.xml)</visible>
                <animation effect="slide" start="1920" end="0" delay="0" time="300" tween="quadratic" easing="out">WindowOpen</animation>
                <animation effect="slide" start="0" end="1920" time="300" tween="quadratic" easing="in">WindowClose</animation>
                <animation effect="slide" start="1920" end="0" delay="0" time="300" tween="quadratic" easing="out">Visible</animation>
                <animation effect="slide" start="0" end="1920" time="300" tween="quadratic" easing="in">Hidden</animation>
				
				
				<control type="image" id="1234">
					<description>Studio Logo</description>
					<posy>80</posy>
					<width>140</width>
					<height>140</height>
					<right>SidePad</right>
					<aspectratio align="right" aligny="top">keep</aspectratio>
					<texture colordiffuse="Dark1">resource://resource.images.studios.white/$INFO[Window(Home).Property(SkinHelper.ListItem.Studio),,.png]</texture>
					<visible>!Skin.HasSetting(furniture.studiocolor)</visible>
					<visible>!Control.IsVisible(50) + IsEmpty(Window.Property(content))</visible>
					<visible>!Skin.HasSetting(furniture.nowplaying) + ![Player.Playing | Player.Paused] + Skin.HasSetting(furniture.studiorecord) | Skin.HasSetting(furniture.nowplaying)+ Skin.HasSetting(furniture.studiorecord) | !IsEmpty(Window(10025).Property(PlayingBackgroundMedia))+ Skin.HasSetting(furniture.studiorecord)</visible>
				</control>
				
				<control type="image" id="1235">
					<description>Studio Logo</description>
					<posy>80</posy>
					<width>140</width>
					<height>140</height>
					<right>SidePad</right>
					<aspectratio align="right" aligny="top">keep</aspectratio>
					<texture>resource://resource.images.studios.coloured/$INFO[Window(Home).Property(SkinHelper.ListItem.Studio),,.png]</texture>
					<visible>Skin.HasSetting(furniture.studiocolor)</visible>
					<visible>!Control.IsVisible(50) + IsEmpty(Window.Property(content))</visible>
					<visible>!Skin.HasSetting(furniture.nowplaying) + ![Player.Playing | Player.Paused] + Skin.HasSetting(furniture.studiorecord) | Skin.HasSetting(furniture.nowplaying)+ Skin.HasSetting(furniture.studiorecord) | !IsEmpty(Window(10025).Property(PlayingBackgroundMedia))+ Skin.HasSetting(furniture.studiorecord)</visible>
				</control>

                <!-- Arrows -->
                <control type="group">
                    <include>Animation.DelayFadeIn</include>
                    <visible>ControlGroup(9000).HasFocus()</visible>
                    <centerbottom>258</centerbottom>
                    <height>16</height>
                    <control type="image">
                        <centerleft>524</centerleft>
                        <width>16</width>
                        <height>16</height>
                        <texture colordiffuse="Dark3" flipx="true">common/arrow-small-right.png</texture>
                    </control>
                    <control type="image">
                        <centerright>64</centerright>
                        <width>16</width>
                        <height>16</height>
                        <texture colordiffuse="Dark3" flipx="false">common/arrow-small-right.png</texture>
                    </control>
                </control>
                <control type="group">
                    <include>Animation.DelayFadeIn</include>
                    <visible>Control.HasFocus(51) | [Control.HasFocus(9501) + Control.IsVisible(9501)]</visible>
                    <centerbottom>366</centerbottom>
                    <height>16</height>
                    <control type="image">
                        <centerleft>524</centerleft>
                        <width>16</width>
                        <height>16</height>
                        <texture colordiffuse="Dark3" flipx="true">common/arrow-small-right.png</texture>
                    </control>
                    <control type="image">
                        <centerright>64</centerright>
                        <width>16</width>
                        <height>16</height>
                        <texture colordiffuse="Dark3" flipx="false">common/arrow-small-right.png</texture>
                    </control>
                </control>
                <control type="button" id ="5">
                    <width>1</width>
                    <height>1</height>
                    <visible allowhiddenfocus="true">false</visible>
                </control>
                <control type="button" id ="9601">
                    <width>1</width>
                    <height>1</height>
                    <visible allowhiddenfocus="true">false</visible>
                    <onback>9000</onback>
                    <onup>9000</onup>
                    <ondown>9000</ondown>
                    <onleft>9000</onleft>
                    <onright>9000</onright>
                </control>
				<control type="button" id ="61">
					<width>1</width>
					<height>1</height>
					<onback>9000</onback>
					<onleft>9000</onleft>
					<onright>9000</onright>
					<visible allowhiddenfocus="true">Control.HasFocus(61)</visible>
				</control>

                <!-- Control Buttons -->
                <control type="grouplist" id="9000">
                    <visible allowhiddenfocus="true">ControlGroup(9000).HasFocus()</visible>
                    <bottom>224</bottom>
                    <left>540</left>
                    <right>SidePad</right>
                    <height>68</height>
                    <bottom>33</bottom>
                    <itemgap>16</itemgap>
                    <onup condition="Control.IsVisible(50) + !Skin.HasSetting(noextendedinfoforcast)">51</onup>
                    <onup condition="Control.IsVisible(50) + Skin.HasSetting(noextendedinfoforcast)">50</onup>
                    <onup condition="Control.IsVisible(9501)">9501</onup>
                    <onup condition="!Control.IsVisible(50) + !Control.IsVisible(9501)">9601</onup>
                    <ondown condition="!Control.IsVisible(50) + !Control.IsVisible(9501)">9601</ondown>
					<onleft condition="!container.content(episodes)">SetFocus(61)</onleft>
					<onleft condition="!container.content(episodes)">61</onleft>
                    <orientation>horizontal</orientation>

                    <control type="button" id ="8">
                        <description>Play</description>
                        <label>208</label>
                        <include>DefInfoButtons</include>
                    </control>

                    <control type="button" id="11">
                        <description>Trailer button</description>
                        <label>20410</label>
                        <include>DefInfoButtons</include>
                        <visible>!IsEmpty(ListItem.Trailer)</visible>
                    </control>
					
					<control type="button" id="7">
						<description>Set my rating</description>
						<label>$VAR[SetSee]</label>
                        <include>DefInfoButtons</include>
					</control>

                    <control type="button" id="53">
                        <include>DefInfoButtons</include>
                        <label>206</label>
                        <onclick condition="!Control.IsVisible(50)">SendClick(2003,5)</onclick>
                        <onclick>ClearProperty(content)</onclick>
                        <onclick condition="!Skin.HasSetting(noextendedinfoforcast)">SetFocus(51)</onclick>
                        <onclick condition="Skin.HasSetting(noextendedinfoforcast)">SetFocus(50)</onclick>
                        <visible>!substring(Container.FolderPath,plugin://,left)</visible>
                    </control>

                    <control type="button" id="9011">
                        <include>DefInfoButtons</include>
                        <label>20339</label>
                        <onclick condition="Control.IsVisible(50)">SendClick(2003,5)</onclick>
                        <onclick>SetProperty(content,3)</onclick>
                        <onclick>SetFocus(9501)</onclick>
                        <visible>Container.Content(movies)</visible>
                        <visible>!IsEmpty(ListItem.Director)</visible>
                    </control>

                    <control type="button" id="9012">
						<description>Similar</description>
                        <include>DefInfoButtons</include>
                        <label>31206</label>
                        <onclick condition="Control.IsVisible(50)">SendClick(2003,5)</onclick>
						<onclick>SetProperty(content,2)</onclick>
                        <onclick>SetFocus(9501)</onclick>
						<visible>Container.Content(movies)</visible>
                    </control>
					
					<control type="button" id="9013">
						<description>Similar</description>
                        <include>DefInfoButtons</include>
                        <label>31206</label>
                        <onclick condition="Control.IsVisible(50)">SendClick(2003,5)</onclick>
						<onclick>SetProperty(content,4)</onclick>
                        <onclick>SetFocus(9501)</onclick>
						<visible>Container.Content(tvshows)</visible>
                    </control>

                    <control type="button" id="49">
                        <description>Home Theatre</description>
                        <label>31170</label>
                        <include>DefInfoButtons</include>
                        <onclick>XBMC.RunScript(script.cinema.experience,movieid=$INFO[ListItem.DBID])</onclick>
                        <visible>system.hasaddon(script.cinema.experience) + Container.Content(movies)</visible>
                    </control>

                    <control type="button" id="105">
                        <description>Extras</description>
                        <include>DefInfoButtons</include>
                        <label>31171</label>
                        <onclick>RunScript(script.videoextras,display,"$INFO[ListItem.FilenameAndPath]")</onclick>
                        <visible>System.HasAddon(script.videoextras) + [Container.Content(movies) | Container.Content(episodes) | Container.Content(TVShows) | Container.Content(musicvideos)] + IsEmpty(Window(movieinformation).Property("HideVideoExtrasButton"))</visible>
                    </control>
					
					<control type="button" id="106">
						<description>TvTunes</description>
						<include>DefInfoButtons</include>
						<label>$LOCALIZE[31299]</label>
						<onclick>RunScript(script.tvtunes,mode=solo)</onclick>
						<visible>Skin.HasSetting(ActivateTvTunes) + System.HasAddon(script.tvtunes) + [Container.Content(movies) | Container.Content(tvshows)] + String.IsEmpty(Window(movieinformation).Property("TvTunes_HideVideoInfoButton"))</visible>
					</control>

                    <control type="button" id ="6">
                        <description>Refresh</description>
                        <label>184</label>
                        <include>DefInfoButtons</include>
                        <visible>!Skin.HasSetting(global.kioskmode)</visible>
                    </control>

                    <control type="button" id ="10">
                        <description>Get Thumb</description>
                        <label>13405</label>
                        <include>DefInfoButtons</include>
                        <visible>!Skin.HasSetting(global.kioskmode)</visible>
                    </control>

                    <control type="button" id="9001">
                        <label>$LOCALIZE[31203]</label>
                        <onclick condition="Container.Content(tvshows)">XBMC.RunScript(script.artwork.downloader, mode=gui, mediatype=tvshow, dbid=$INFO[ListItem.DBID])</onclick>
                        <onclick condition="Container.Content(movies)">XBMC.RunScript(script.artwork.downloader, mode=gui, mediatype=movie, dbid=$INFO[ListItem.DBID])</onclick>
                        <onclick condition="Container.Content(musicvideos)">XBMC.RunScript(script.artwork.downloader, mode=gui, mediatype=musicvideo, dbid=$INFO[ListItem.DBID])</onclick>
                        <description>Get Artwork</description>
                        <include>DefInfoButtons</include>
                        <visible>!Skin.HasSetting(global.kioskmode)</visible>
                        <visible>[Container.Content(tvshows) | Container.Content(movies) | Container.Content(musicvideos)] + system.hasaddon(script.artwork.downloader)</visible>
                    </control>
                </control>
                <control type="label">
                    <right>SidePad</right>
                    <left>540</left>
                    <bottom>264</bottom>
                    <height>50</height>
                    <font>Mini</font>
                    <scroll>true</scroll>
                    <textcolor>Dark3</textcolor>
                    <label>$INFO[Container(9501).NumItems,, $LOCALIZE[31101]  •  ]$INFO[Container(9501).CurrentPage,, $LOCALIZE[20163] ]$INFO[Container(9501).NumPages,, $LOCALIZE[31243]]</label>
                    <aligny>center</aligny>
                    <align>right</align>
                    <visible>Control.HasFocus(9501)</visible>
                    <include>Animation.DelayFadeIn</include>
                </control>
                <control type="label">
                    <right>SidePad</right>
                    <left>540</left>
                    <bottom>264</bottom>
                    <height>50</height>
                    <font>Mini</font>
                    <scroll>true</scroll>
                    <textcolor>Dark3</textcolor>
                    <label>$INFO[Container(50).NumItems,, $LOCALIZE[31101]  •  ]$INFO[Container(50).CurrentPage,, $LOCALIZE[20163] ]$INFO[Container(50).NumPages,, $LOCALIZE[31243]]</label>
                    <aligny>center</aligny>
                    <align>right</align>
                    <visible>Control.HasFocus(50) | Control.HasFocus(51)</visible>
                    <include>Animation.DelayFadeIn</include>
                </control>
                <control type="label">
				<visible>Skin.HasSetting(furniture.showpath)</visible>
                    <right>SidePad</right>
                    <left>540</left>
                    <bottom>174</bottom>
                    <height>50</height>
                    <font>Mini</font>
                    <scroll>true</scroll>
                    <textcolor>Dark3</textcolor>
                    <label>$INFO[ListItem.FileNameAndPath]</label>
                    <aligny>center</aligny>
                    <align>right</align>
                    <visible>ControlGroup(9000).HasFocus()</visible>
                    <include>Animation.FadeIn</include>
                </control>
                <control type="label">
                    <visible>Control.IsVisible(50) | [!IsEmpty(Window.Property(content)) + !Container(9501).IsUpdating]</visible>
                    <left>540</left>
                    <right>SidePad</right>
                    <top>260</top>
                    <description>Header Label</description>
                    <textcolor>Dark2</textcolor>
                    <font>Small</font>
                    <label>$VAR[LabelVideoInfoCastDirector]</label>
                    <include>Animation.DelayFadeIn</include>
                </control>
				
				<control type="group">
                    <visible>!Control.IsVisible(50) + IsEmpty(Window.Property(content))+ !Control.HasFocus(61)</visible>
					<animation type="Visible">
							<effect type="slide" start="300,0" end="0,0"  easing="out" time="500" delay="0" reversible="false" />
							<effect type="fade" start="0" end="100" time="200" delay="300" reversible="false"/>
						</animation>
						
						<animation type="Hidden">
							<effect type="slide" end="-100,0"  easing="inout" time="500" delay="0"/>
							<effect type="fade" start="100" end="0" time="200" delay="0" />
						</animation>
                    <right>SidePad</right>
                    <top>PosterPad</top>
				
                    <control type="image">
						<visible>Skin.HasSetting(furniture.discart)</visible>

                        <right>0</right>
                        <width>410</width>
                        <height>410</height>
						<fadetime>300</fadetime>
						<animation effect="fade" time="200" delay="5000">Hidden</animation>
						
					<animation effect="rotate" end="-360" center="auto" time="5000" loop="true" reversible="false" condition="ListItem.IsPlaying + Skin.HasSetting(furniture.discartAnim) | Skin.HasSetting(furniture.discartAnimFull) + !Skin.HasSetting(furniture.discartAnim)">Conditional</animation>
					<animation effect="rotate" end="360" center="auto" time="5000" loop="true" reversible="false" condition="ListItem.IsPlaying + Player.Paused + Skin.HasSetting(furniture.discartAnim)">Conditional</animation>
					<animation effect="rotate" end="-28" center="auto" time="500" reversible="false" condition="ListItem.IsPlaying + Player.Paused + Skin.HasSetting(furniture.discartAnim)">Conditional</animation>
					<animation effect="rotate" end="-15" center="auto" time="500" delay="500" reversible="false" condition="ListItem.IsPlaying + Player.Paused + Skin.HasSetting(furniture.discartAnim)">Conditional</animation>
					<animation effect="rotate" end="-3" center="auto" time="250" delay="1000" reversible="false" condition="ListItem.IsPlayingd + Player.Paused + Skin.HasSetting(furniture.discartAnim)">Conditional</animation> 
				
                    <texture>$INFO[ListItem.Art(discart)]</texture>
                    </control>
					
					<control type="image">
                        <right>0</right>
                        <width>410</width>
                        <height>410</height>
						<texture>$INFO[ListItem.Art(characterart)]</texture>
						<visible>Skin.HasSetting(furniture.cart)</visible>
                    </control>
					
					<control type="image">
                        <right>0</right>
                        <width>410</width>
                        <height>410</height>
						<texture>$INFO[ListItem.Art(tvshow.characterart)]</texture>
						<visible>Skin.HasSetting(furniture.cart)</visible>
                    </control>
				</control>
				
				<control type="group">
				
                    <visible>IsEmpty(Window.Property(content))+ Control.HasFocus(61)</visible>
				
					<animation type="Visible">
							<effect type="slide" start="300,0" end="0,0"  easing="out" time="500" delay="0" reversible="false" />
							<effect type="fade" start="0" end="100" time="200" delay="300" reversible="false"/>
						</animation>
						
						<animation type="Hidden">
							<effect type="slide" end="-100,0"  easing="inout" time="500" delay="0"/>
							<effect type="fade" start="100" end="0" time="200" delay="0" />
						</animation>
						<right>SidePad</right>
						<top>PosterPad</top>
						
						<control type="image">
							<aspectratio align="right">keep</aspectratio>
							<right>0</right>
							<height>280</height>
							<width>410</width>
							<fadetime>300</fadetime>
						<texture>$INFO[ListItem.Art(clearart)]</texture>
						</control>
						
				</control>

                <control type="group">
                    <visible>!Control.IsVisible(50) + IsEmpty(Window.Property(content))</visible>
                    <left>540</left>
                    <right>SidePad</right>
                    <bottom>224</bottom>
                    <top>PosterPad</top>

                    <control type="grouplist">
                        <left>30</left>
                        <right>30</right>
                        <itemgap>0</itemgap>
                        <control type="label">
                            <description>Header Label</description>
                            <textcolor>Dark1</textcolor>
                            <include>DefDialogInfoHeader</include>
                            <label>$INFO[ListItem.Title]</label>
                        </control>
                        <control type="group">
                            <height>50</height>
                            <control type="label">
                                <posy>-10</posy>
                                <right>420</right>
                                <height>36</height>
                                <font>Tiny</font>
                                <textcolor>Dark2</textcolor>
                                <label>$INFO[ListItem.Tagline]</label>
                                <aligny>center</aligny>
                            </control>
							<visible>!Container.Content(tvshows) + !Container.Content(seasons) + !Container.Content(episodes)</visible>
                        </control>
						
						<control type="group">
                            <height>50</height>
                            <control type="label">
                                <posy>-10</posy>
                                <right>420</right>
                                <height>36</height>
                                <font>Tiny</font>
                                <textcolor>Dark2</textcolor>
                                <label fallback="19055"> </label>
                                <aligny>center</aligny>
                            </control>
							<visible>Container.Content(tvshows) | Container.Content(seasons)</visible>
                        </control>
						
						<control type="group">
							<height>50</height>
                            <control type="label">
                                <posy>-10</posy>
                                <right>420</right>
                                <height>36</height>
                                <font>Tiny</font>
                                <textcolor>Dark2</textcolor>
                                <label fallback="19055">Season $INFO[ListItem.Season] • Episode $INFO[ListItem.Episode]</label>
                                <aligny>center</aligny>
                            </control>
							<visible>Container.Content(episodes)</visible>
						</control>
						
						</control>
						
						
						
						<control type="group">
                    <visible>!Control.IsVisible(50) + IsEmpty(Window.Property(content))+ !Control.HasFocus(61)</visible>
				
					<animation type="Visible">
							<effect type="slide" start="300,0" end="0,0"  easing="out" time="500" delay="0" reversible="false" />
							<effect type="fade" start="0" end="100" time="200" delay="300" reversible="false"/>
						</animation>
						
						<animation type="Hidden">
							<effect type="slide" end="-100,0"  easing="inout" time="500" delay="0"/>
							<effect type="fade" start="100" end="0" time="200" delay="0" />
						</animation>
                   
					<top>115</top>
					<control type="grouplist">
                       <left>30</left>
                        <right>30</right>
                        <itemgap>0</itemgap>
						
                        <control type="group">
                            <height>36</height>
                            <control type="label">
                                <width>100%</width>
                                <height>36</height>
                                <font>Tiny</font>
                                <textcolor>Dark1</textcolor>
                                <label>[B]$LOCALIZE[345][/B]</label>
                                <aligny>center</aligny>
                            </control>
                            <control type="label">
                                <left>170</left>
                                <right>420</right>
                                <height>36</height>
                                <font>Tiny</font>
                                <textcolor>Dark2</textcolor>
                                <label fallback="19055">$INFO[ListItem.year]</label>
                                <aligny>center</aligny>
                            </control>
                        </control>
						
                        <control type="group">

                            <height>36</height>
                            <control type="label">
                                <width>100%</width>
                                <height>36</height>
                                <font>Tiny</font>
                                <textcolor>Dark1</textcolor>
                                <label>[B]$LOCALIZE[563][/B]</label>
                                <aligny>center</aligny>
                            </control>
                            <control type="label">
                                <left>170</left>
                                <right>420</right>
                                <height>36</height>
                                <font>Tiny</font>
                                <textcolor>Dark2</textcolor>
                                <label fallback="19055">$INFO[ListItem.MPAA]</label>
                                <aligny>center</aligny>
                            </control>
                        </control>
                        <control type="group">

                            <height>36</height>
                            <control type="label">
                                <width>100%</width>
                                <height>36</height>
                                <font>Tiny</font>
                                <textcolor>Dark1</textcolor>
                                <label>[B]$LOCALIZE[2050][/B]</label>
                                <aligny>center</aligny>
                            </control>
                            <control type="label">
                                <left>170</left>
                                <right>420</right>
                                <height>36</height>
                                <font>Tiny</font>
                                <textcolor>Dark2</textcolor>
                                <label fallback="19055">$VAR[LabelDuration]</label>
                                <aligny>center</aligny>
                            </control>
                        </control>
						
                        <control type="group">

                            <height>36</height>
                            <control type="label">
                                <width>100%</width>
                                <height>36</height>
                                <font>Tiny</font>
                                <textcolor>Dark1</textcolor>
                                <label>[B]$LOCALIZE[572][/B]</label>
                                <aligny>center</aligny>
                            </control>
                            <control type="label">
                                <left>170</left>
                                <right>420</right>
                                <height>36</height>
                                <font>Tiny</font>
                                <textcolor>Dark2</textcolor>
                                <label fallback="19055">$INFO[ListItem.Studio]</label>
                                <aligny>center</aligny>
                            </control>
                        </control>
                        <control type="group">

                            <height>36</height>
                            <control type="label">
                                <width>100%</width>
                                <height>36</height>
                                <font>Tiny</font>
                                <textcolor>Dark1</textcolor>
                                <label>[B]$LOCALIZE[515][/B]</label>
                                <aligny>center</aligny>
                            </control>
                            <control type="label">
                                <left>170</left>
                                <right>420</right>
                                <height>36</height>
                                <font>Tiny</font>
                                <textcolor>Dark2</textcolor>
                                <label fallback="19055">$INFO[ListItem.Genre]</label>
                                <aligny>center</aligny>
                            </control>
                        </control>
                        <control type="group">

                            <height>36</height>
                            <control type="label">
                                <width>100%</width>
                                <height>36</height>
                                <font>Tiny</font>
                                <textcolor>Dark1</textcolor>
                                <label>[B]$LOCALIZE[20339][/B]</label>
                                <aligny>center</aligny>
                            </control>
                            <control type="label">
                                <left>170</left>
                                <right>420</right>
                                <height>36</height>
                                <font>Tiny</font>
                                <textcolor>Dark2</textcolor>
                                <label fallback="19055">$INFO[ListItem.Director]</label>
                                <aligny>center</aligny>
                            </control>
							<visible>!Container.Content(tvshows) + !Container.Content(seasons)</visible>
                        </control>
                        <control type="group">

                            <height>36</height>
                            <control type="label">
                                <width>100%</width>
                                <height>36</height>
                                <font>Tiny</font>
                                <textcolor>Dark1</textcolor>
                                <label>[B]$LOCALIZE[20417][/B]</label>
                                <aligny>center</aligny>
                            </control>
                            <control type="label">
                                <left>170</left>
                                <right>420</right>
                                <height>36</height>
                                <font>Tiny</font>
                                <textcolor>Dark2</textcolor>
                                <label fallback="19055">$INFO[ListItem.Writer]</label>
                                <aligny>center</aligny>
                            </control>
							<visible>!Container.Content(tvshows) + !Container.Content(seasons)</visible>
                        </control>
						
                        <control type="group">
                            <height>36</height>
                            <control type="label">
                                <width>100%</width>
                                <height>36</height>
                                <font>Tiny</font>
                                <textcolor>Dark1</textcolor>
                                <label>[B]$LOCALIZE[20360][/B]</label>
                                <aligny>center</aligny>
                            </control>
                            <control type="label">
                                <left>170</left>
                                <right>420</right>
                                <height>36</height>
                                <font>Tiny</font>
                                <textcolor>Dark2</textcolor>
                                <label fallback="19055">$INFO[ListItem.Property(TotalEpisodes)]</label>
                                <aligny>center</aligny>
                            </control>
							<visible>Container.Content(tvshows) | Container.Content(seasons)</visible>
                        </control>
						
						<control type="group">
                            <height>36</height>
                            <control type="label">
                                <width>100%</width>
                                <height>36</height>
                                <font>Tiny</font>
                                <textcolor>Dark1</textcolor>
                                <label>[B]$LOCALIZE[16101][/B]</label>
                                <aligny>center</aligny>
                            </control>
                            <control type="label">
                                <left>170</left>
                                <right>420</right>
                                <height>36</height>
                                <font>Tiny</font>
                                <textcolor>Dark2</textcolor>
                                <label fallback="19055">$INFO[ListItem.Property(UnWatchedEpisodes)]</label>
                                <aligny>center</aligny>
                            </control>
							<visible>Container.Content(tvshows) | Container.Content(seasons)</visible>
                        </control>
						
                        <control type="group">
                            <height>36</height>
                            <control type="label">
                                <width>100%</width>
                                <height>36</height>
                                <font>Tiny</font>
                                <textcolor>Dark1</textcolor>
                                <label>[B]$LOCALIZE[445][/B]</label>
                                <aligny>center</aligny>
                            </control>
                            <control type="label">
                                <left>170</left>
                                <right>420</right>
                                <height>36</height>
                                <font>Tiny</font>
                                <textcolor>Dark2</textcolor>
                                <label fallback="19055">19055</label>
                                <aligny>center</aligny>
                                <visible>IsEmpty(ListItem.Property(AudioLanguage.1))</visible>
                            </control>
                            <control type="grouplist">
                                <orientation>horizontal</orientation>
                                <left>170</left>
                                <right>420</right>
                                <top>2</top>
                                <height>28</height>
                                <control type="image">
                                    <width>28</width>
                                    <height>28</height>
                                    <texture>$INFO[ListItem.Property(AudioLanguage.1),flags/lang/,.png]</texture>
                                    <visible>!IsEmpty(ListItem.Property(AudioLanguage.1))</visible>
                                </control>
                                <control type="image">
                                    <width>28</width>
                                    <height>28</height>
                                    <texture>$INFO[ListItem.Property(AudioLanguage.2),flags/lang/,.png]</texture>
                                    <visible>!IsEmpty(ListItem.Property(AudioLanguage.2))</visible>
                                </control>
                                <control type="image">
                                    <width>28</width>
                                    <height>28</height>
                                    <texture>$INFO[ListItem.Property(AudioLanguage.3),flags/lang/,.png]</texture>
                                    <visible>!IsEmpty(ListItem.Property(AudioLanguage.3))</visible>
                                </control>
                                <control type="image">
                                    <width>28</width>
                                    <height>28</height>
                                    <texture>$INFO[ListItem.Property(AudioLanguage.4),flags/lang/,.png]</texture>
                                    <visible>!IsEmpty(ListItem.Property(AudioLanguage.4))</visible>
                                </control>
                                <control type="image">
                                    <width>28</width>
                                    <height>28</height>
                                    <texture>$INFO[ListItem.Property(AudioLanguage.5),flags/lang/,.png]</texture>
                                    <visible>!IsEmpty(ListItem.Property(AudioLanguage.5))</visible>
                                </control>
                                <control type="image">
                                    <width>28</width>
                                    <height>28</height>
                                    <texture>$INFO[ListItem.Property(SubtitleLanguage.1),flags/lang/,.png]</texture>
                                    <visible>!IsEmpty(ListItem.Property(SubtitleLanguage.1))</visible>
                                    <colordiffuse>ff777777</colordiffuse>
                                </control>
                                <control type="image">
                                    <width>28</width>
                                    <height>28</height>
                                    <texture>$INFO[ListItem.Property(SubtitleLanguage.2),flags/lang/,.png]</texture>
                                    <visible>!IsEmpty(ListItem.Property(SubtitleLanguage.2))</visible>
                                    <colordiffuse>ff777777</colordiffuse>
                                </control>
                                <control type="image">
                                    <width>28</width>
                                    <height>28</height>
                                    <texture>$INFO[ListItem.Property(SubtitleLanguage.3),flags/lang/,.png]</texture>
                                    <visible>!IsEmpty(ListItem.Property(SubtitleLanguage.3))</visible>
                                    <colordiffuse>ff777777</colordiffuse>
                                </control>
                                <control type="image">
                                    <width>28</width>
                                    <height>28</height>
                                    <texture>$INFO[ListItem.Property(SubtitleLanguage.4),flags/lang/,.png]</texture>
                                    <visible>!IsEmpty(ListItem.Property(SubtitleLanguage.4))</visible>
                                    <colordiffuse>ff777777</colordiffuse>
                                </control>
                                <control type="image">
                                    <width>28</width>
                                    <height>28</height>
                                    <texture>$INFO[ListItem.Property(SubtitleLanguage.5),flags/lang/,.png]</texture>
                                    <visible>!IsEmpty(ListItem.Property(SubtitleLanguage.5))</visible>
                                    <colordiffuse>ff777777</colordiffuse>
                                </control>
                            </control>
                        </control>
						
                        <control type="label">
                            <width>100%</width>
                            <height>36</height>
                            <font>Tiny</font>
                            <textcolor>Dark1</textcolor>
                            <label></label>
                            <aligny>center</aligny>
                        </control>
                        <control type="textbox" id="4">

                            <width>100%</width>
                            <height>94</height>
                            <font>Tiny</font>
                            <textcolor>Dark2</textcolor>
                            <align>justify</align>
                        </control>

                    </control>
					
                </control>
				
				<control type="group">
				
                    <visible>IsEmpty(Window.Property(content))+ Control.HasFocus(61)</visible>
				
					<animation type="Visible">
							<effect type="slide" start="300,0" end="0,0"  easing="out" time="500" delay="0" reversible="false" />
							<effect type="fade" start="0" end="100" time="200" delay="300" reversible="false"/>
						</animation>
						
						<animation type="Hidden">
							<effect type="slide" end="-100,0"  easing="inout" time="500" delay="0"/>
							<effect type="fade" start="100" end="0" time="200" delay="0" />
						</animation>
					<top>115</top>
					<control type="grouplist">
                        <left>30</left>
                        <itemgap>0</itemgap>
						
						<control type="group">

                            <height>36</height>
                            <control type="label">
                                <width>100%</width>
                                <height>36</height>
                                <font>Tiny</font>
                                <textcolor>Dark1</textcolor>
                                <label>[B]$LOCALIZE[31212][/B]</label>
                                <aligny>center</aligny>
                            </control>
                            <control type="label">
                                <left>170</left>
                                <right>420</right>
                                <height>36</height>
                                <font>Tiny</font>
                                <textcolor>Dark2</textcolor>
                                <label fallback="19055">$INFO[Window(Home).Property(SkinHelper.ListItem.AirDayTime)]</label>
                                <aligny>center</aligny>
                            </control>
							<visible>Container.Content(tvshows) | Container.Content(seasons)</visible>
                        </control>
						
                        <control type="group">
                            <height>36</height>
                            <control type="label">
                                <width>100%</width>
                                <height>36</height>
                                <font>Tiny</font>
                                <textcolor>Dark1</textcolor>
                                <label>[B]$LOCALIZE[31281][/B]</label>
                                <aligny>center</aligny>
                            </control>
                            <control type="label">
                                <left>170</left>
                                <right>420</right>
                                <height>36</height>
                                <font>Tiny</font>
                                <textcolor>Dark2</textcolor>
                                <label fallback="19055">$INFO[Window(Home).Property(SkinHelper.ListItem.Awards)]</label>
                                <aligny>center</aligny>
                            </control>
                        </control>
                        <control type="group">

                            <height>36</height>
                            <control type="label">
                                <width>100%</width>
                                <height>36</height>
                                <font>Tiny</font>
                                <textcolor>Dark1</textcolor>
                                <label>[B]$LOCALIZE[31282][/B]</label>
                                <aligny>center</aligny>
                            </control>
                            <control type="label">
                                <left>170</left>
                                <right>420</right>
                                <height>36</height>
                                <font>Tiny</font>
                                <textcolor>Dark2</textcolor>
                                <label fallback="19055">$INFO[Window(Home).Property(SkinHelper.ListItem.BoxOffice)]</label>
                                <aligny>center</aligny>
                            </control>
							<visible>Container.Content(movies)</visible>
                        </control>
						
						
						<control type="group">

                            <height>36</height>
                            <control type="label">
                                <width>100%</width>
                                <height>36</height>
                                <font>Tiny</font>
                                <textcolor>Dark1</textcolor>
                                <label>[B]$LOCALIZE[31140][/B]</label>
                                <aligny>center</aligny>
                            </control>
                            <control type="label">
                                <left>170</left>
                                <right>420</right>
                                <height>36</height>
                                <font>Tiny</font>
                                <textcolor>Dark2</textcolor>
                                <label fallback="19055">$$INFO[Window(Home).Property(SkinHelper.ListItem.Budget.formatted)]</label>
                                <aligny>center</aligny>
								<visible>!Integer.IsEqual(Window(Home).Property(SkinHelper.ListItem.Budget.formatted),0)</visible>
                            </control>
							<control type="label">
                                <left>170</left>
                                <right>420</right>
                                <height>36</height>
                                <font>Tiny</font>
                                <textcolor>Dark2</textcolor>
                                <label fallback="19055">$LOCALIZE[19055]</label>
                                <aligny>center</aligny>
								<visible>Integer.IsEqual(Window(Home).Property(SkinHelper.ListItem.Budget.formatted),0)</visible>
                            </control>
							<visible>Container.Content(movies)</visible>
                        </control>
						
						<control type="group">

                            <height>36</height>
                            <control type="label">
                                <width>100%</width>
                                <height>36</height>
                                <font>Tiny</font>
                                <textcolor>Dark1</textcolor>
                                <label>[B]$LOCALIZE[31284][/B]</label>
                                <aligny>center</aligny>
                            </control>
                            <control type="label">
                                <left>170</left>
                                <right>420</right>
                                <height>36</height>
                                <font>Tiny</font>
                                <textcolor>Dark2</textcolor>
                                <label fallback="19055">$$INFO[Window(Home).Property(SkinHelper.ListItem.Revenue.formatted)]</label>
                                <aligny>center</aligny>
								<visible>!Integer.IsEqual(Window(Home).Property(SkinHelper.ListItem.Revenue.formatted),0)</visible>
                            </control>
							
							<control type="label">
                                <left>170</left>
                                <right>420</right>
                                <height>36</height>
                                <font>Tiny</font>
                                <textcolor>Dark2</textcolor>
                                <label fallback="19055">$LOCALIZE[19055]</label>
                                <aligny>center</aligny>
								<visible>Integer.IsEqual(Window(Home).Property(SkinHelper.ListItem.Revenue.formatted),0)</visible>
                            </control>
							
							<visible>Container.Content(movies)</visible>
                        </control>
						
						<control type="group">

                            <height>36</height>
                            <control type="label">
                                <width>100%</width>
                                <height>36</height>
                                <font>Tiny</font>
                                <textcolor>Dark1</textcolor>
                                <label>[B]$LOCALIZE[574][/B]</label>
                                <aligny>center</aligny>
                            </control>
                            <control type="label">
                                <left>170</left>
                                <right>420</right>
                                <height>36</height>
                                <font>Tiny</font>
                                <textcolor>Dark2</textcolor>
                                <label fallback="19055">$INFO[Window(Home).Property(SkinHelper.ListItem.Country)]</label>
                                <aligny>center</aligny>
                            </control>
							<visible>!Container.Content(movies)</visible>
                        </control>
						
						<control type="group">

                            <height>36</height>
                            <control type="label">
                                <width>100%</width>
                                <height>36</height>
                                <font>Tiny</font>
                                <textcolor>Dark1</textcolor>
                                <label> </label>
                                <aligny>center</aligny>
                            </control>
                            <control type="label">
                                <left>170</left>
                                <right>420</right>
                                <height>36</height>
                                <font>Tiny</font>
                                <textcolor>Dark2</textcolor>
                                <label> </label>
                                <aligny>center</aligny>
                            </control>
							<visible>!Container.Content(movies)</visible>
                        </control>
						
                    </control>
					
					 <control type="grouplist">
							<top>330</top>
							<left>30</left>
							<right>435</right>
							<itemgap>0</itemgap>
						<control type="label">
							<textcolor>Dark1</textcolor>
							<width>100%</width>
                            <height>36</height>
                            <font>Tiny</font>
							<label>[B]$LOCALIZE[31288][/B]</label>
						</control>							
                        <control type="textbox">					
                            <width>100%</width>
                            <height>85</height>
                            <font>Tiny</font>
							<label fallback="19055">[I]"$INFO[Window(Home).Property(SkinHelper.ListItem.RottenTomatoes.Consensus)]"[/I]</label>
                            <textcolor>Dark2</textcolor>
                            <align>justify</align>
                        </control>
						<visible>!isEmpty(Window(Home).Property(SkinHelper.ListItem.RottenTomatoes.Consensus))</visible>
					</control>
					
					<control type="grouplist">
							<top>330</top>
							<left>30</left>
							<right>435</right>
							<itemgap>0</itemgap>
						<control type="group">

                            <height>36</height>
                            <control type="label">
                                <width>100%</width>
                                <height>36</height>
                                <font>Tiny</font>
                                <textcolor>Dark1</textcolor>
                                <label>[B]$LOCALIZE[31300][/B]</label>
                                <aligny>center</aligny>
                            </control>
                            <control type="label">
                                <left>185</left>
                                <right>420</right>
                                <height>36</height>
                                <font>Tiny</font>
                                <textcolor>Dark2</textcolor>
                                <label fallback="19055">$INFO[Window(Home).Property(SkinHelper.ListItem.LastEpisode.Title)]</label>
                                <aligny>center</aligny>
                            </control>
                        </control>						
                        <control type="textbox">					
                            <width>100%</width>
                            <height>85</height>
                            <font>Tiny</font>
							<label>$INFO[Window(Home).Property(SkinHelper.ListItem.LastEpisode.Plot)]</label>
                            <textcolor>Dark2</textcolor>
                            <align>justify</align>
                        </control>
						<visible>!isEmpty(Window(Home).Property(SkinHelper.ListItem.LastEpisode.Plot)) + isEmpty(Window(Home).Property(SkinHelper.ListItem.RottenTomatoes.Consensus))+!Container.Content(movies)</visible>
					</control>
					
					 <control type="grouplist">
								<top>330</top>
								<left>915</left>
								<itemgap>0</itemgap>
						<control type="label">
							<textcolor>Dark1</textcolor>
							<width>100%</width>
                            <height>36</height>
                            <font>Tiny</font>
							<label>[B]$LOCALIZE[206] $LOCALIZE[1397] $LOCALIZE[38033][/B]</label>
						</control>							
                        <control type="textbox">					
                            <width>100%</width>
                            <height>85</height>
                            <font>Tiny</font>
							<label>$INFO[ListItem.CastAndRole]</label>
                            <textcolor>Dark2</textcolor>
                            <!--<align>justify</align>-->
                        </control>
						<visible>Container.Content(movies) | isEmpty(Window(Home).Property(SkinHelper.ListItem.LastEpisode.GuestStars))</visible>
					</control>
					
					 <control type="grouplist">
							<top>330</top>
							<left>915</left>
							<itemgap>0</itemgap>
						<control type="label">
							<textcolor>Dark1</textcolor>
							<width>100%</width>
                            <height>36</height>
                            <font>Tiny</font>
							<label>[B]$LOCALIZE[31301][/B]</label>
						</control>							
                        <control type="textbox">					
                            <width>100%</width>
                            <height>85</height>
                            <font>Tiny</font>
							<label>$INFO[Window(Home).Property(SkinHelper.ListItem.LastEpisode.GuestStars)]</label>
                            <textcolor>Dark2</textcolor>
                            <!--<align>justify</align>-->
                        </control>
						<visible>!Container.Content(movies) + !isEmpty(Window(Home).Property(SkinHelper.ListItem.LastEpisode.GuestStars))</visible>
					</control>
					
					
					
					<control type="grouplist">
					<left>30</left>
					<orientation>horizontal</orientation>
					<itemgap>46</itemgap>
					<top>175</top>
					<control type="group">
					<visible>!isEmpty(Window(Home).Property(SkinHelper.ListItem.RottenTomatoes.Meter))</visible>
						<width>200</width>
						<control type="image">
							<align>left</align>
							<width>64</width>
							<height>64</height>
							<aspectratio align="center">keep</aspectratio>
							<texture>flags/ratings/$INFO[Window(Home).Property(SkinHelper.ListItem.RottenTomatoes.Image),,.png]</texture>
						</control>
						
						<control type="label">
							<align>right</align>
							<height>64</height>
							<font>LargeRatings</font>
							<textcolor>Dark1</textcolor>
							<label fallback="N/A">[B]$INFO[Window(Home).Property(SkinHelper.ListItem.RottenTomatoes.Meter)]%[/B]</label>
							<aligny>center</aligny>
		
						</control>
						
						<control type="label">
                                <posy>64</posy>
                                <height>36</height>
                                <font>Mini</font>
								<aligny>center</aligny>
								<align>center</align>
                                <textcolor>Dark2</textcolor>
                                <label>$LOCALIZE[563]: $INFO[Window(Home).Property(SkinHelper.ListItem.RottenTomatoes.Rating)]/10</label>
                                <aligny>center</aligny>
                            </control>
							
							<control type="textbox">
                                <posy>94</posy>
                                <height>36</height>
                                <font>Mini</font>
								<aligny>center</aligny>
								<align>center</align>
                                <textcolor>Dark2</textcolor>
                                <label>Reviews: $INFO[Window(Home).Property(SkinHelper.ListItem.RottenTomatoes.Reviews)]</label>
                                <aligny>center</aligny>
                            </control>
						
					</control>
					
					<control type="group">
					<visible>!isEmpty(Window(Home).Property(SkinHelper.ListItem.RottenTomatoes.UserMeter))</visible>
						<width>190</width>
						<control type="image">
							<align>left</align>
							<width>64</width>
							<height>64</height>
							<aspectratio align="center">keep</aspectratio>
							<texture>flags/ratings/like.png</texture>
							<visible>IntegerGreaterThan(Window(Home).Property(SkinHelper.ListItem.RottenTomatoes.UserMeter), 59)</visible>
						</control>
						
						<control type="image">
							<align>left</align>
							<width>64</width>
							<height>64</height>
							<aspectratio align="center">keep</aspectratio>
							<texture>flags/ratings/didntlike.png</texture>
							<visible>!IntegerGreaterThan(Window(Home).Property(SkinHelper.ListItem.RottenTomatoes.UserMeter), 59)</visible>
						</control>
						
						<control type="label">
							<align>right</align>
							<height>64</height>
							<font>LargeRatings</font>
							<textcolor>Dark1</textcolor>
							<label fallback="N/A">[B]$INFO[Window(Home).Property(SkinHelper.ListItem.RottenTomatoes.UserMeter)]%[/B]</label>
							<aligny>center</aligny>
		
						</control>
						
						<control type="label">
                                <posy>64</posy>
                                <height>36</height>
                                <font>Mini</font>
								<aligny>center</aligny>
								<align>center</align>
                                <textcolor>Dark2</textcolor>
                                <label>$LOCALIZE[563]: $INFO[Window(Home).Property(SkinHelper.ListItem.RottenTomatoes.UserRating)]/5</label>
                                <aligny>center</aligny>
                            </control>
							
							<control type="textbox">
                                <posy>94</posy>
                                <height>36</height>
                                <font>Mini</font>
								<aligny>center</aligny>
								<align>center</align>
                                <textcolor>Dark2</textcolor>
                                <label>$LOCALIZE[31286]: $INFO[Window(Home).Property(SkinHelper.ListItem.RottenTomatoes.UserReviews)]</label>
                                <aligny>center</aligny>
                            </control>
						
					</control>
					
					
					<control type="group">
						<visible>!isEmpty(Window(Home).Property(SkinHelper.ListItem.Rating.IMDB))</visible>
						<width>155</width>
						<control type="image">
							<align>left</align>
							<width>64</width>
							<height>64</height>
							<aspectratio align="center">keep</aspectratio>
							<texture>flags/ratings/imdb.png</texture>
						</control>
						
						<!--<control type="label">
							<align>right</align>
							<height>64</height>
							<font>Tiny</font>
							<textcolor>Dark1</textcolor>
							<label fallback="N/A">[B]/10[/B]</label>
							<aligny>top</aligny>
							<top>25</top>
		
						</control>-->
						
						<control type="label">
							<align>right</align>
							<height>64</height>
							<font>LargeRatings</font>
							<textcolor>Dark1</textcolor>
							<label fallback="N/A">[B]$INFO[Window(Home).Property(SkinHelper.ListItem.Rating.IMDB)][/B]</label>
							<aligny>center</aligny>

						</control>
						
						<control type="textbox">
                                <posy>64</posy>
                                <height>36</height>
                                <font>Mini</font>
								<aligny>center</aligny>
								<align>center</align>
                                <textcolor>Dark2</textcolor>
                                <label>$LOCALIZE[205]: $INFO[Window(Home).Property(SkinHelper.ListItem.Votes.IMDB)]</label>
                                <aligny>center</aligny>
                         </control>
						
						<control type="label">
                                <posy>94</posy>
                                <height>36</height>
                                <font>Mini</font>
								<aligny>center</aligny>
								<align>center</align>
                                <textcolor>Dark2</textcolor>
                                <label>$LOCALIZE[13409]: $INFO[Window(Home).Property(SkinHelper.ListItem.IMDB.Top250)]</label>
                                <aligny>center</aligny>
								<visible>!isEmpty(Window(Home).Property(SkinHelper.ListItem.IMDB.Top250))</visible>
                            </control>
					</control>
					
					<control type="group">
						<visible>Container.Content(movies)</visible>
						<visible>!isEmpty(Window(Home).Property(SkinHelper.ListItem.Rating.TMDB)</visible>
						<width>150</width>
						<control type="image">
							<align>left</align>
							<width>64</width>
							<height>64</height>
							<aspectratio align="center">keep</aspectratio>
							<texture>flags/ratings/moviesdb.png</texture>
						</control>
						
						<control type="label">
							<align>right</align>
				
							<height>64</height>
							<font>LargeRatings</font>
							<textcolor>Dark1</textcolor>
							<label fallback="N/A">[B]$INFO[Window(Home).Property(SkinHelper.ListItem.Rating.TMDB)][/B]</label>
							<aligny>center</aligny>
		
						</control>
						
							<control type="label">
                                <posy>64</posy>
                                <height>36</height>
                                <font>Mini</font>
								<aligny>center</aligny>
								<align>center</align>
                                <textcolor>Dark2</textcolor>
                                <label>$LOCALIZE[205]: $INFO[Window(Home).Property(SkinHelper.ListItem.Votes.TMDB)]</label>
                                <aligny>center</aligny>
                            </control>
							
							<!--<control type="textbox">
                                <posy>94</posy>
                                <height>36</height>
                                <font>Mini</font>
								<aligny>center</aligny>
								<align>center</align>
                                <textcolor>Dark2</textcolor>
                                <label>$LOCALIZE[31287]: $INFO[Window(Home).Property(SkinHelper.ListItem.Popularity)]</label>
                                <aligny>center</aligny>
                            </control>-->
					</control>
					
					<control type="group">
						<visible>!Container.Content(movies) + !isEmpty(Window(Home).Property(SkinHelper.ListItem.Rating.TVDB))</visible>
						<width>155</width>
						<control type="image">
							<align>left</align>
							<width>64</width>
							<height>64</height>
							<aspectratio align="center">keep</aspectratio>
							<texture>flags/ratings/tvdb.png</texture>
						</control>
						
						<control type="label">
							<align>right</align>
							<height>64</height>
							<font>LargeRatings</font>
							<textcolor>Dark1</textcolor>
							<label fallback="N/A">[B]$VAR[tvdbRate][/B]</label>
							<aligny>center</aligny>
		
						</control>
						
							<control type="label">
                                <posy>64</posy>
                                <height>36</height>
                                <font>Mini</font>
								<aligny>center</aligny>
								<align>center</align>
                                <textcolor>Dark2</textcolor>
                                <label>$LOCALIZE[205]: $INFO[Window(Home).Property(SkinHelper.ListItem.Votes.TVDB)]</label>
                                <aligny>center</aligny>
                            </control>
						
					</control>
					
					<control type="group">
					<visible>!isEmpty(Window(Home).Property(SkinHelper.ListItem.MetaCritic.Rating))</visible>
						<width>195</width>
						<control type="image">
							<align>left</align>
							<width>64</width>
							<height>64</height>
							<aspectratio align="center">keep</aspectratio>
							<texture>flags/ratings/metacritic.png</texture>
						</control>
						
						<control type="label">
							<align>right</align>
							<height>64</height>
							<font>LargeRatings</font>
							<textcolor>Dark1</textcolor>
							<label fallback="N/A">[B]$INFO[Window(Home).Property(SkinHelper.ListItem.MetaCritic.Rating)]%[/B]</label>
							<aligny>center</aligny>
		
						</control>
						
						<control type="label">
                                <posy>64</posy>
                                <height>36</height>
                                <font>Mini</font>
								<aligny>center</aligny>
								<align>center</align>
                                <textcolor>Dark2</textcolor>
                                <label>Metacritic</label>
                                <aligny>center</aligny>
                            </control>
							
					</control>
					
					<control type="group">
					<visible>!isEmpty(ListItem.UserRating)</visible>
						<width>150</width>
						<control type="image">
							<align>left</align>
							<width>64</width>
							<height>64</height>
							<aspectratio align="center">keep</aspectratio>
							<texture colordiffuse="$VAR[ColorHighlight]">flags/ratings/myrating.png</texture>
						</control>
							
						<control type="label">
							<align>right</align>
							<height>64</height>
							<font>LargeRatings</font>
							<textcolor>Dark1</textcolor>
							<label fallback="N/A">[B]$VAR[UserRate][/B]</label>
							<aligny>center</aligny>

						</control>
						
						<control type="label">
                                <posy>64</posy>
                                <height>36</height>
                                <font>Mini</font>
								<aligny>center</aligny>
								<align>center</align>
                                <textcolor>Dark2</textcolor>
                                <label>38018</label>
                                <aligny>center</aligny>
                            </control>
						
					</control>
				</control>
				</control>
						</control>
						
						<!--Novo-->
				
                <control type="group">
                    <include>Animation.FadeIn.Slide</include>
                    <visible>Control.IsVisible(50)</visible>
                    <control type="list" id="50">

                        <bottom>80</bottom>
                        <left>530</left>
                        <width>1320</width>
                        <height>670</height>
                        <onleft>50</onleft>
                        <onright>50</onright>
                        <ondown condition="Control.IsVisible(50)">SendClick(2003,5)</ondown>
                        <ondown>9000</ondown>
                        <onback condition="Control.IsVisible(50)">SendClick(2003,5)</onback>
                        <onback>9000</onback>
                        <orientation>horizontal</orientation>
                        <preloaditems>2</preloaditems>
                        <pagecontrol>60</pagecontrol>
                        <viewtype label="536">list</viewtype>
                        <scrolltime tween="quadratic">400</scrolltime>
                        <itemlayout height="455" width="220">
                            <control type="image">
                                <left>0</left>
                                <top>0</top>
                                <right>0</right>
                                <bottom>130</bottom>
                                <texture border="10">common/nofocus-shadow10.png</texture>
                            </control>
                            <control type="image">
                                <left>10</left>
                                <top>10</top>
                                <right>10</right>
                                <bottom>140</bottom>
                                <aspectratio scalediffuse="false">scale</aspectratio>
                                <texture diffuse="diffuse/wall.png" background="true">$VAR[PosterImage]</texture>
                            </control>
                            <control type="image">
                                <left>10</left>
                                <right>10</right>
                                <bottom>10</bottom>
                                <height>106</height>
                                <texture colordiffuse="Dark4" border="5">common/box.png</texture>
                            </control>
                            <control type="textbox">
                                <left>20</left>
                                <right>20</right>
                                <centerbottom>60</centerbottom>
                                <height>92</height>
                                <font>Mini</font>
                                <autoscroll>false</autoscroll>
                                <textcolor>Dark2</textcolor>
                                <label>$INFO[ListItem.Label]$INFO[ListItem.Label2,[CR](,)]</label>
                                <aligny>top</aligny>
                                <align>center</align>
                            </control>
                        </itemlayout>
                        <focusedlayout height="455" width="220">
                            <control type="image">
                                <left>0</left>
                                <top>0</top>
                                <right>0</right>
                                <bottom>130</bottom>
                                <texture border="10">common/nofocus-shadow10.png</texture>
                            </control>
                            <control type="image">
                                <left>10</left>
                                <top>10</top>
                                <right>10</right>
                                <bottom>140</bottom>
                                <aspectratio scalediffuse="false">scale</aspectratio>
                                <texture diffuse="diffuse/wall.png" background="true">$VAR[PosterImage]</texture>
                            </control>
                            <control type="group">
                                <visible>Control.HasFocus(51) | Control.HasFocus(50)</visible>
                                <control type="image">
                                    <left>10</left>
                                    <right>10</right>
                                    <bottom>10</bottom>
                                    <height>106</height>
                                    <texture colordiffuse="$VAR[ColorHighlight]" border="5">common/box.png</texture>
                                </control>
                                <control type="textbox">
                                    <left>20</left>
                                    <right>20</right>
                                    <centerbottom>60</centerbottom>
                                    <height>92</height>
                                    <font>Mini</font>
                                    <scroll>true</scroll>
                                    <textcolor>PanelWhite100</textcolor>
                                    <label>$INFO[ListItem.Label]$INFO[ListItem.Label2,[CR](,)]</label>
                                    <aligny>top</aligny>
                                    <align>center</align>
                                </control>
                            </control>
                            <control type="group">
                                <visible>!Control.HasFocus(51) + !Control.HasFocus(50)</visible>
                                <control type="image">
                                    <left>10</left>
                                    <right>10</right>
                                    <bottom>10</bottom>
                                    <height>106</height>
                                    <texture colordiffuse="Dark4" border="5">common/box.png</texture>
                                </control>
                                <control type="textbox">
                                    <left>20</left>
                                    <right>20</right>
                                    <centerbottom>60</centerbottom>
                                    <height>92</height>
                                    <font>Mini</font>
                                    <scroll>true</scroll>
                                    <textcolor>Dark2</textcolor>
                                    <label>$INFO[ListItem.Label]$INFO[ListItem.Label2,[CR](,)]</label>
                                    <aligny>top</aligny>
                                    <align>center</align>
                                </control>
                            </control>
                        </focusedlayout>
                    </control>
                </control>
                
				<control type="group">
                    <centerleft>1190</centerleft>
                    <centerbottom>51%</centerbottom>
                    <width>450</width>
                    <height>117</height>
                    <visible>!IsEmpty(Window.Property(content)) + Container(9501).IsUpdating + !Control.IsVisible(50)</visible>
                    <include>Animation.FadeIn</include>
                    <include>Animation.FadeOut</include>

                    <control type="image">
                        <description>Busy animation</description>
                        <centerleft>54</centerleft>
                        <centertop>54</centertop>
                        <width>100</width>
                        <height>100</height>
                        <texture>dialog/loading-back.png</texture>
                        <aspectratio>keep</aspectratio>
                    </control>
                    <control type="image">
                        <description>Busy animation</description>
                        <centerleft>54</centerleft>
                        <centertop>54</centertop>
                        <width>100</width>
                        <height>100</height>
                        <animation effect="rotate" condition="true" start="0" end="360" loop="true" time="1000" center="auto">Conditional</animation>
                        <texture colordiffuse="$VAR[ColorHighlight]">dialog/loading-spinner.png</texture>
                        <aspectratio>keep</aspectratio>
                    </control>

                    <control type="label">
                        <description>Busy label</description>
                        <posx>105</posx>
                        <posy>30</posy>
                        <width>720</width>
                        <height>48</height>
                        <align>left</align>
                        <label>$LOCALIZE[31138]...</label>
                        <textcolor>Dark1</textcolor>
                    </control>

                </control>		
                <control type="list" id="9501">
                    <include>Animation.FadeIn.Slide</include>
                    <visible allowhiddenfocus="true">!IsEmpty(Window.Property(content)) + !Container(9501).IsUpdating + !Control.IsVisible(50)</visible>
                    <bottom>80</bottom>
                    <left>530</left>
                    <width>1320</width>
                    <height>670</height>
                    <onleft>9501</onleft>
                    <onright>9501</onright>
                    <ondown>ClearProperty(content)</ondown>
                    <ondown>9000</ondown>
                    <onback>ClearProperty(content)</onback>
                    <onback>9000</onback>
                    <orientation>horizontal</orientation>
                    <preloaditems>2</preloaditems>
                    <pagecontrol>60</pagecontrol>
                    <viewtype label="536">list</viewtype>
                    <scrolltime tween="quadratic">400</scrolltime>
                    <itemlayout height="425" width="220">
                        <control type="image">
                            <left>0</left>
                            <top>0</top>
                            <right>0</right>
                            <bottom>100</bottom>
                            <texture border="10">common/nofocus-shadow10.png</texture>
                        </control>
                        <control type="image">
                            <left>10</left>
                            <top>10</top>
                            <right>10</right>
                            <bottom>110</bottom>
                            <aspectratio scalediffuse="false">scale</aspectratio>
                            <texture diffuse="diffuse/wall.png" background="true">$VAR[PosterImage]</texture>
                        </control>
                        <control type="image">
                            <left>10</left>
                            <right>10</right>
                            <bottom>0</bottom>
                            <height>86</height>
                            <texture colordiffuse="Dark4" border="5">common/box.png</texture>
                        </control>
                        <control type="textbox">
                            <left>20</left>
                            <right>20</right>
                            <centerbottom>43</centerbottom>
                            <height>64</height>
                            <font>Mini</font>
                            <autoscroll>false</autoscroll>
                            <textcolor>Dark2</textcolor>
                            <label>$INFO[ListItem.Label]</label>
                            <aligny>top</aligny>
                            <align>center</align>
                        </control>
                    </itemlayout>
                    <focusedlayout height="425" width="220">
                        <control type="image">
                            <left>0</left>
                            <top>0</top>
                            <right>0</right>
                            <bottom>100</bottom>
                            <texture border="10">common/nofocus-shadow10.png</texture>
                        </control>
                        <control type="image">
                            <left>10</left>
                            <top>10</top>
                            <right>10</right>
                            <bottom>110</bottom>
                            <aspectratio scalediffuse="false">scale</aspectratio>
                            <texture diffuse="diffuse/wall.png" background="true">$VAR[PosterImage]</texture>
                        </control>
                        <control type="image">
                            <centerleft>50%</centerleft>
                            <centertop>160</centertop>
                            <width>128</width>
                            <height>128</height>
                            <aspectratio>keep</aspectratio>
                            <texture colordiffuse="88ffffff">common/playring.png</texture>
                            <animation type="Focus">
                                <effect type="zoom" start="90" end="100" time="150" tween="sine" easing="inout" center="auto" />
                                <effect type="fade" start="0" end="100" time="150" tween="sine" easing="in" />
                            </animation>
                            <animation type="Unfocus">
                                <effect type="zoom" start="100" end="90" time="150" tween="sine" easing="inout" center="auto" />
                                <effect type="fade" start="100" end="0" time="150" tween="sine" easing="out" />
                            </animation>
                            <visible>!substring(ListItem.Path,script.extendedinfo)</visible>
                            <visible>Control.HasFocus(9501)</visible>
                        </control>
                        <control type="group">
                            <visible>Control.HasFocus(9501)</visible>
                            <control type="image">
                                <left>10</left>
                                <right>10</right>
                                <bottom>0</bottom>
                                <height>86</height>
                                <texture colordiffuse="$VAR[ColorHighlight]" border="5">common/box.png</texture>
                            </control>
                            <control type="textbox">
                                <left>20</left>
                                <right>20</right>
                                <centerbottom>43</centerbottom>
                                <height>64</height>
                                <font>Mini</font>
                                <scroll>true</scroll>
                                <textcolor>PanelWhite100</textcolor>
                                <label>$INFO[ListItem.Label]</label>
                                <aligny>top</aligny>
                                <align>center</align>
                            </control>
                        </control>
                        <control type="group">
                            <visible>!Control.HasFocus(9501)</visible>
                            <control type="image">
                                <left>10</left>
                                <right>10</right>
                                <bottom>0</bottom>
                                <height>86</height>
                                <texture colordiffuse="Dark4" border="5">common/box.png</texture>
                            </control>
                            <control type="textbox">
                                <left>20</left>
                                <right>20</right>
                                <centerbottom>43</centerbottom>
                                <height>64</height>
                                <font>Mini</font>
                                <scroll>true</scroll>
                                <textcolor>Dark2</textcolor>
                                <label>$INFO[ListItem.Label]</label>
                                <aligny>top</aligny>
                                <align>center</align>
                            </control>
                        </control>
                    </focusedlayout>
                    <content>$VAR[DefDirectorInfoWindowContent]</content>
                </control>
				
<!--//////////////////////////////////////////////////-->		
				<!--<control type="list" id="9504">
                    <include>Animation.FadeIn.Slide</include>
                    <visible allowhiddenfocus="true">!IsEmpty(Window.Property(content)) + !Container(9504).IsUpdating + !Control.IsVisible(50) + String.IsEqual(Window.Property(content),4)</visible>
                    <bottom>80</bottom>
                    <left>530</left>
                    <width>1320</width>
                    <height>670</height>
                    <onleft>9504</onleft>
                    <onright>9504</onright>
                    <ondown>ClearProperty(content)</ondown>
                    <ondown>9000</ondown>
                    <onback>ClearProperty(content)</onback>
                    <onback>9000</onback>
                    <orientation>horizontal</orientation>
                    <preloaditems>2</preloaditems>
                    <pagecontrol>60</pagecontrol>
                    <viewtype label="536">list</viewtype>
                    <scrolltime tween="quadratic">400</scrolltime>
                    <itemlayout height="425" width="220">
                        <control type="image">
                            <left>0</left>
                            <top>0</top>
                            <right>0</right>
                            <bottom>100</bottom>
                            <texture border="10">common/nofocus-shadow10.png</texture>
                        </control>
                        <control type="image">
                            <left>10</left>
                            <top>10</top>
                            <right>10</right>
                            <bottom>110</bottom>
                            <aspectratio scalediffuse="false">scale</aspectratio>
                            <texture diffuse="diffuse/wall.png" background="true">$VAR[PosterImage]</texture>
                        </control>
                        <control type="image">
                            <left>10</left>
                            <right>10</right>
                            <bottom>0</bottom>
                            <height>86</height>
                            <texture colordiffuse="Dark4" border="5">common/box.png</texture>
                        </control>
                        <control type="textbox">
                            <left>20</left>
                            <right>20</right>
                            <centerbottom>43</centerbottom>
                            <height>64</height>
                            <font>Mini</font>
                            <autoscroll>false</autoscroll>
                            <textcolor>Dark2</textcolor>
                            <label>$INFO[ListItem.Label]</label>
                            <aligny>top</aligny>
                            <align>center</align>
                        </control>
                    </itemlayout>
                    <focusedlayout height="425" width="220">
                        <control type="image">
                            <left>0</left>
                            <top>0</top>
                            <right>0</right>
                            <bottom>100</bottom>
                            <texture border="10">common/nofocus-shadow10.png</texture>
                        </control>
                        <control type="image">
                            <left>10</left>
                            <top>10</top>
                            <right>10</right>
                            <bottom>110</bottom>
                            <aspectratio scalediffuse="false">scale</aspectratio>
                            <texture diffuse="diffuse/wall.png" background="true">$VAR[PosterImage]</texture>
                        </control>
                        <control type="image">
                            <centerleft>50%</centerleft>
                            <centertop>160</centertop>
                            <width>128</width>
                            <height>128</height>
                            <aspectratio>keep</aspectratio>
                            <texture colordiffuse="88ffffff">common/playring.png</texture>
                            <animation type="Focus">
                                <effect type="zoom" start="90" end="100" time="150" tween="sine" easing="inout" center="auto" />
                                <effect type="fade" start="0" end="100" time="150" tween="sine" easing="in" />
                            </animation>
                            <animation type="Unfocus">
                                <effect type="zoom" start="100" end="90" time="150" tween="sine" easing="inout" center="auto" />
                                <effect type="fade" start="100" end="0" time="150" tween="sine" easing="out" />
                            </animation>
                            <visible>!substring(ListItem.Path,script.extendedinfo)</visible>
                            <visible>Control.HasFocus(9504)</visible>
                        </control>
                        <control type="group">
                            <visible>Control.HasFocus(9504)</visible>
                            <control type="image">
                                <left>10</left>
                                <right>10</right>
                                <bottom>0</bottom>
                                <height>86</height>
                                <texture colordiffuse="$VAR[ColorHighlight]" border="5">common/box.png</texture>
                            </control>
                            <control type="textbox">
                                <left>20</left>
                                <right>20</right>
                                <centerbottom>43</centerbottom>
                                <height>64</height>
                                <font>Mini</font>
                                <scroll>true</scroll>
                                <textcolor>PanelWhite100</textcolor>
                                <label>$INFO[ListItem.Label]</label>
                                <aligny>top</aligny>
                                <align>center</align>
                            </control>
                        </control>
                        <control type="group">
                            <visible>!Control.HasFocus(9504)</visible>
                            <control type="image">
                                <left>10</left>
                                <right>10</right>
                                <bottom>0</bottom>
                                <height>86</height>
                                <texture colordiffuse="Dark4" border="5">common/box.png</texture>
                            </control>
                            <control type="textbox">
                                <left>20</left>
                                <right>20</right>
                                <centerbottom>43</centerbottom>
                                <height>64</height>
                                <font>Mini</font>
                                <scroll>true</scroll>
                                <textcolor>Dark2</textcolor>
                                <label>$INFO[ListItem.Label]</label>
                                <aligny>top</aligny>
                                <align>center</align>
                            </control>
                        </control>
                    </focusedlayout>
                    <content>$VAR[DefDirectorInfoWindowContent]</content>
                </control>-->
				
				
            </control>
        </control>

        <control type="group">
            <visible>Control.HasFocus(9601)</visible>
            <include>Animation.FadeIn</include>
            <include>Animation.FadeOut</include>

            <control type="image" description="Background">
                <include>Dimensions_Fullscreen</include>
                <texture colordiffuse="Background">common/bg.jpg</texture>
                <animation effect="fade" start="100" end="95" condition="true">Conditional</animation>
            </control>

            <control type="image" description="clearlogo">
                <visible>Skin.HasSetting(furniture.logo)</visible>
                <centertop>120</centertop>
                <centerleft>50%</centerleft>
                <width>400</width>
                <height>100</height>
                <aspectratio align="center">keep</aspectratio>
                <texture background="true">$VAR[ClearLogoTopVar]</texture>
            </control>
        </control>

        <control type="group">
            <left>SidePad</left>
            <right>SidePad</right>
            <top>PosterPad</top>
            <height>640</height>
            <visible>Control.HasFocus(9601)</visible>
            <include>Animation.FadeIn.Slide</include>
            <include>Animation.FadeOut</include>


            <control type="label">
                <description>header label</description>
                <left>60</left>
                <right>60</right>
                <posy>60</posy>
                <font>EpisodeNumber</font>
                <textcolor>Dark1</textcolor>
                <height>45</height>
                <label>$INFO[ListItem.Label]</label>
            </control>

            <control type="textbox">
                <description>textarea</description>
                <left>60</left>
                <right>60</right>
                <top>150</top>
                <bottom>0</bottom>
                <align>justify</align>
                <font>Medium</font>
                <textcolor>Dark1</textcolor>
                <label>$INFO[ListItem.Tagline,[B],[/B][CR][CR]]$INFO[ListItem.Plot]</label>
            </control>
        </control>

        <control type="button" id="51">
            <visible allowhiddenfocus="true">false</visible>
            <onright>Control.Move(50,1)</onright>
            <onleft>Control.Move(50,-1)</onleft>
            <ondown condition="Control.IsVisible(50)">SendClick(2003,5)</ondown>
            <ondown>9000</ondown>
            <onback condition="Control.IsVisible(50)">SendClick(2003,5)</onback>
            <onback>9000</onback>
            <onclick>RunScript(script.extendedinfo,info=extendedactorinfo,name=$INFO[Container(50).ListItem.Label])</onclick>
        </control>


    </controls>

</window>

