<?xml version="1.0" encoding="UTF-8"?>
<!-- Foundation -->
<window id="0">
    <defaultcontrol always="true">300</defaultcontrol>
	<onload>SetProperty(SkinHelper.WidgetContainer,300)</onload>
	<onload>SetProperty(SkinHelper.WidgetContainer,301)</onload>
    <onload>RunScript(script.favourites)</onload>
    <onload>RunScript(script.skinshortcuts,type=buildxml&amp;mainmenuID=300&amp;group=mainmenu|x1111|x1112|x1113|x1114|x1115|x1116|x1117|x1118|x1119)</onload>
	<oninfo condition="String.Contains(Container(300).ListItem.Property(widgetPath,advanced.emulator.launcher)">ActivateWindow(1128)</oninfo>
	<oninfo condition="String.Contains(Container(301).ListItem.Property(widgetPath,advanced.emulator.launcher)">ActivateWindow(1128)</oninfo>

    <controls>
        <include>GlobalBackground</include>
		<oninfo condition="String.Contains(Container(300).ListItem.Property(widgetPath,advanced.emulator.launcher)">ActivateWindow(1128)</oninfo>
		<oninfo condition="String.Contains(Container(301).ListItem.Property(widgetPath,advanced.emulator.launcher)">ActivateWindow(1128)</oninfo>
        <include condition="Skin.HasSetting(home.vertical)">HomeVerticalMenu</include>

        <include condition="!Skin.HasSetting(home.vertical)">HomeHeader</include>
        <include condition="!Skin.HasSetting(home.vertical)">HomeNextRecording</include>
        <include condition="!Skin.HasSetting(home.vertical)">HomeWeatherWidget</include>
        <include condition="!Skin.HasSetting(home.vertical)">HomeNowPlaying</include>
        <include condition="!Skin.HasSetting(home.vertical)">HomeBackgroundPlaylist</include>

        <include condition="!Skin.HasSetting(home.vertical) + !Skin.HasSetting(home.classicwidgets)">HomeRow</include>
        <include condition="!Skin.HasSetting(home.vertical) + !Skin.HasSetting(home.classicwidgets)">HomeWidgetInfo</include>
        <include condition="!Skin.HasSetting(home.vertical) + Skin.HasSetting(home.classicwidgets)">HomeClassicWidgets</include>

        <include condition="!Skin.HasSetting(home.vertical) + Skin.HasSetting(home.submenu2) + !Skin.HasSetting(home.showicons)">HomeSubMenu2</include>
        <include condition="!Skin.HasSetting(home.vertical) + [!Skin.HasSetting(home.submenu2) | Skin.HasSetting(home.showicons)]">HomeSubMenu</include>

        <control type="group">
            <include>Animation.FadeIn</include>
            <include>Animation.FadeOut</include>
            <visible>Window.IsVisible(script-script.extendedinfo-DialogVideoInfo.xml) | Window.IsVisible(script-script.extendedinfo-DialogInfo.xml) | Window.IsVisible(script-script.extendedinfo-VideoList.xml) | Window.IsVisible(DialogVideoInfo.xml) | Window.IsVisible(DialogMusicInfo.xml) </visible>
            <include condition="!Skin.HasSetting(home.vertical)">GlobalBackgroundExtended</include>
            <include condition="!Skin.HasSetting(home.vertical)">Furniture_Header</include>
            <include condition="!Skin.HasSetting(home.vertical)">Furniture_NowPlaying</include>
            <include condition="!Skin.HasSetting(home.vertical)">Furniture_Clock</include>
            <include condition="!Skin.HasSetting(home.vertical)">Furniture_Weather</include>
        </control>
    </controls>
	<onunload>ClearProperty(SkinHelper.WidgetContainer)</onunload>
</window>
