<?xml version="1.0" encoding="UTF-8"?>
<!-- Foundation -->
<includes>

    <include file="Defaults.xml" />

    <!-- Views -->
    <include file="View_50_List.xml" />
    <include file="View_51_BigWide.xml" />
    <include file="View_52_BigList.xml" />
    <include file="View_53_Poster.xml" />
    <include file="View_54_Banner.xml" />
    <include file="View_55_Wall.xml" />
    <include file="View_56_MediaInfo.xml" />
    <include file="View_57_ExtraInfo.xml" />
    <include file="View_58_Cards.xml" />
    <include file="View_59_BannerWall.xml" />
    <include file="View_500_Thumbnails.xml" />
    <include file="View_503_Poster_Square.xml" />
    <include file="View_505_Wall_Square.xml" />
	<include file="View_70_List.xml" />

    <include file="Includes_Furniture.xml" />
    <include file="Includes_Home.xml" />
    <include file="Includes_GlobalSearch.xml" />
    <include file="Includes_NextAired.xml" />
    <include file="Includes_Labels.xml" />
    <include file="Includes_Images.xml" />
    <include file="Includes_Animations.xml" />
    <include file="Includes_Defs.xml" />
    <include file="Includes_PVR.xml" />
    <include file="Includes_OSD.xml" />

    <!-- Skin Shortcuts -->
    <include file="script-skinshortcuts-includes.xml"/>


    <include name="HiddenButton">
        <posx>-20</posx>
        <posy>-20</posy>
        <width>1</width>
        <height>1</height>
        <label>-</label>
        <texturenofocus>-</texturenofocus>
        <texturefocus>-</texturefocus>
    </include>

    <include name="Dimensions_Fullscreen">
        <posx>0</posx>
        <posy>0</posy>
        <width>1920</width>
        <height>1080</height>
    </include>

    <include name="WindowID">
        <width>780</width>
        <height>21</height>
        <textcolor>Blue</textcolor>
        <shadowcolor>Black</shadowcolor>
        <align>left</align>
    </include>

    <include name="DialogID">
        <width>780</width>
        <height>21</height>
        <textcolor>Green</textcolor>
        <shadowcolor>Black</shadowcolor>
        <align>left</align>
    </include>

    <include name="PathID">
        <posx>15r</posx>
        <posy>15</posy>
        <width>780</width>
        <height>21</height>
        <textcolor>Blue</textcolor>
        <shadowcolor>Black</shadowcolor>
        <align>right</align>
    </include>

    <include name="ControlID">
        <posx>15r</posx>
        <posy>48</posy>
        <width>780</width>
        <height>21</height>
        <textcolor>Red</textcolor>
        <shadowcolor>Black</shadowcolor>
        <align>right</align>
    </include>

    <include name="GlobalOverlay">

        <control type="image">
            <include>Animation.FadeIn</include>
            <include condition="!Window.IsVisible(DialogButtonMenu.xml)">Animation.FadeOut</include>
            <include>Dimensions_Fullscreen</include>
            <texture border="2">common/black-back.png</texture>
        </control>

    </include>

    <variable name="GlobalFanart">
		<value condition="!IsEmpty(ListItem.Art(animatedfanart)) + Skin.HasSetting(furniture.AnimatedFanart) + Container.Content(movies)">$INFO[ListItem.Art(animatedfanart)]</value>
        <value condition="Window.IsActive(script-globalsearch-infodialog.xml) | Window.IsActive(script-globalsearch-main.xml)">$VAR[GlobalSearchArtInfo]</value>
        <value condition="[Window.IsVisible(script-script.extendedinfo-DialogVideoInfo.xml) + IsEmpty(Window(home).Property(ExtendedInfo_fanart))] | Window.IsVisible(script-script.extendedinfo-DialogInfo.xml) | Window.IsVisible(script-NextAired-TVGuide.xml) | Window.IsVisible(script-NextAired-TVGuide2.xml)">actorbg.jpg</value>
        <value condition="Window.IsVisible(script-script.extendedinfo-DialogVideoInfo.xml) + !IsEmpty(Window(home).Property(ExtendedInfo_fanart))">$INFO[Window(home).Property(ExtendedInfo_fanart)]</value>
        <value condition="Window.IsVisible(weather) + !IsEmpty(Skin.String(weather.fanart.path))">$INFO[Skin.String(weather.fanart.path)]$INFO[Window(Weather).Property(Current.FanartCode)]/</value>
        <value condition="Window.IsVisible(home) + !IsEmpty(Skin.String(weather.fanart.path)) + substring(Container(300).ListItem.Property(widget),Weather,left) + !Skin.HasSetting(home.dontshowfanart)">$INFO[Skin.String(weather.fanart.path)]$INFO[Window(Weather).Property(Current.FanartCode)]/</value>
        <value condition="Window.IsVisible(home) + !IsEmpty(Container(301).ListItem.Art(fanart)) + [!Skin.HasSetting(home.dontshowfanart) | Control.HasFocus(301)] + Control.IsVisible(301)">$INFO[Container(301).ListItem.Art(fanart)]</value>
        <value condition="Window.IsVisible(home) + !IsEmpty(Container(301).ListItem.Property(fanart)) + [!Skin.HasSetting(home.dontshowfanart) | Control.HasFocus(301)] + Control.IsVisible(301)">$INFO[Container(301).ListItem.Property(fanart)]</value>

        <value condition="Window.IsVisible(home) + StringCompare(Container(300).ListItem.Property(background),playlistBackground)">$INFO[Container(9988).ListItem.Art(fanart)]</value>
        <value condition="Window.IsVisible(home) + !IsEmpty(Container(300).ListItem.Property(Background))">$INFO[Container(300).ListItem.Property(Background)]</value>
        <value condition="Window.IsVisible(home) + !IsEmpty(Skin.String(home.slideshowpath)) + [substring(Container(300).ListItem.Property(widget),Weather,left) | IsEmpty(Container(300).ListItem.Property(widget)) | Container(301).IsUpdating |  Skin.HasSetting(home.dontshowfanart)]">$INFO[Skin.String(home.slideshowpath)]</value>
        <value condition="Window.IsVisible(home) + !IsEmpty(Skin.String(weather.fanart.path)) + Skin.HasSetting(home.showweatherfanart) + [IsEmpty(Container(300).ListItem.Property(widget)) | Container(301).IsUpdating]">$INFO[Skin.String(weather.fanart.path)]$INFO[Window(Weather).Property(Current.FanartCode)]/</value>
        <value condition="Window.IsVisible(home) + !Container(301).IsUpdating + !IsEmpty(Skin.String(fanart.fallback))">$INFO[Skin.String(fanart.fallback)]</value>
        <value condition="Window.IsVisible(home) + !Container(301).IsUpdating">pvr/background.jpg</value>
        <value condition="!IsEmpty(Window(Home).Property(SkinHelper.ListItem.Art.ExtraFanArt)) + Skin.HasSetting(SkinHelper.EnableExtraFanart) + System.HasAddon(script.skin.helper.service) + Window.IsVisible(MyVideoNav.xml)">$INFO[Window(Home).Property(SkinHelper.ListItem.Art.ExtraFanArt)]</value>
		<value condition="!isEmpty(ListItem.Art(season.fanart))">$INFO[ListItem.Art(season.fanart)]</value>
        <value condition="!IsEmpty(ListItem.Art(fanart)) + !isEmpty(ListItem.Art(season.fanart))">$INFO[ListItem.Art(fanart)]</value>
        <value condition="!IsEmpty(Container(9500).ListItem.Art(fanart))">$INFO[Container(9500).ListItem.Art(fanart)]</value>
        <value condition="!IsEmpty(ListItem.Property(Fanart_Image))">$INFO[ListItem.Property(Fanart_Image)]</value>
        <value condition="!IsEmpty(ListItem.Property(Fanart))">$INFO[ListItem.Property(Fanart)]</value>
        <value condition="!IsEmpty(Skin.String(fanart.fallback))">$INFO[Skin.String(fanart.fallback)]</value>
        <value>common/null.png</value>
    </variable>

    <include name="GlobalVideoWindow">
        <control type="image" description="Background">
            <include>Dimensions_Fullscreen</include>
            <texture colordiffuse="Background">common/bg.jpg</texture>
        </control>
        <control type="image" description="Background">
            <include>Dimensions_Fullscreen</include>
            <texture colordiffuse="Black">common/white.png</texture>
            <visible>Player.HasVideo + Skin.HasSetting(global.showvideo)</visible>
        </control>
        <control type="videowindow">
            <visible>Skin.HasSetting(global.showvideo)</visible>
            <include>Dimensions_Fullscreen</include>
        </control>
    </include>
    <include name="GlobalVisualisation">
        <control type="group">
            <visible>Player.HasAudio + Skin.HasSetting(global.showvisualisation)</visible>
            <control type="visualisation">
                <visible>Skin.HasSetting(ArtistSlideShow.Disabled) | !System.HasAddon(script.artistslideshow) | Skin.HasSetting(OSDVisualisation.ShowFanart)</visible>
                <description>visualisation</description>
                <include>Dimensions_Fullscreen</include>
            </control>
            <control type="multiimage">
                <aspectratio>scale</aspectratio>
                <include>Dimensions_Fullscreen</include>
                <timeperimage>10000</timeperimage>
                <randomize>true</randomize>
                <fadetime>600</fadetime>
                <loop>yes</loop>
                <imagepath background="true">$INFO[Window(Visualisation).Property(ArtistSlideshow)]</imagepath>
                <visible>System.HasAddon(script.artistslideshow) + !Skin.HasSetting(ArtistSlideShow.Disabled)</visible>
                <animation effect="fade" start="100" end="65" time="0" condition="Skin.HasSetting(OSDVisualisation.ShowFanart)">Conditional</animation>
                <animation effect="zoom" start="110" end="130" center="auto" time="10000" tween="sine" easing="inout" pulse="true" condition="Skin.HasSetting(ArtistSlideshow.Animate)">Conditional</animation>
                <animation effect="slide" start="-30,-30" end="30,30" time="6000" tween="sine" easing="inout" pulse="true" condition="Skin.HasSetting(ArtistSlideshow.Animate)">Conditional</animation>
            </control>
        </control>
    </include>
    <include name="GlobalBackgroundFade"><colordiffuse>FanartFade</colordiffuse></include>
    <include name="GlobalBackground">
        <include>GlobalVideoWindow</include>
        <include>GlobalVisualisation</include>
        <control type="image" description="Background">
            <include>Dimensions_Fullscreen</include>
            <include condition="!Skin.HasSetting(home.vertical)">Animation.FadeFromHome</include>
            <texture colordiffuse="Background">common/bg.jpg</texture>
            <visible>!Window.IsVisible(home) | Skin.HasSetting(home.vertical)</visible>
            <animation effect="fade" start="100" end="75" time="200" condition="Player.HasVideo + Skin.HasSetting(global.showvideo) | Player.HasAudio + Skin.HasSetting(global.showvisualisation)">Conditional</animation>
        </control>
        <control type="multiimage" description="Fanart">
            <include condition="!Window.IsVisible(home) | Skin.HasSetting(home.vertical)">GlobalBackgroundFade</include>
            <visible>!Player.HasMedia | [!Skin.HasSetting(global.showvideo) + Player.HasVideo] | [!Skin.HasSetting(global.showvisualisation) + Player.HasAudio]</visible>
            <visible>!Skin.HasSetting(global.hidefanart) | Window.IsVisible(home)</visible>
            <include>Dimensions_Fullscreen</include>
            <include>Animation.FadeFromHome</include>
            <animation effect="fade" end="0" start="100" time="350" tween="cubic" easing="inout" condition="Window.IsVisible(home)">WindowClose</animation>
            <fadetime>600</fadetime>
            <timeperimage>12000</timeperimage>
            <randomize>true</randomize>
            <aspectratio>scale</aspectratio>
            <imagepath background="true">$VAR[GlobalFanart]</imagepath>
            <animation effect="zoom" start="110" end="120" center="auto" time="10000" tween="sine" easing="inout" pulse="true" condition="Skin.HasSetting(Fanart.Animate)">Conditional</animation>
            <animation effect="slide" start="-20,-20" end="20,20" time="6000" tween="sine" easing="inout" pulse="true" condition="Skin.HasSetting(Fanart.Animate)">Conditional</animation>
        </control>
        <control type="image" description="Fanart Fallback always">
            <include>GlobalBackgroundFade</include>
            <visible>!Player.HasMedia | [!Skin.HasSetting(global.showvideo) + Player.HasVideo] | [!Skin.HasSetting(global.showvisualisation) + Player.HasAudio]</visible>
            <include>Dimensions_Fullscreen</include>
            <visible>!Window.IsVisible(home) + Skin.HasSetting(global.hidefanart) + !IsEmpty(Skin.String(fanart.fallback))</visible>
            <include>Animation.FadeFromHome</include>
            <aspectratio>scale</aspectratio>
            <texture background="true">$INFO[Skin.String(fanart.fallback)]</texture>
            <animation effect="zoom" start="110" end="120" center="auto" time="10000" tween="sine" easing="inout" pulse="true" condition="Skin.HasSetting(Fanart.Animate)">Conditional</animation>
            <animation effect="slide" start="-20,-20" end="20,20" time="6000" tween="sine" easing="inout" pulse="true" condition="Skin.HasSetting(Fanart.Animate)">Conditional</animation>
        </control>
        <control type="image" description="FanartOverlay">
            <include>Dimensions_Fullscreen</include>
            <visible>!Window.IsVisible(home) | Skin.HasSetting(home.vertical)</visible>
            <include condition="!Skin.HasSetting(home.vertical)">Animation.FadeFromHome</include>
            <texture colordiffuse="FloorFade">common/floor.png</texture>
        </control>

    </include>
    <include name="GlobalBackgroundExtended">
        <control type="image" description="Background">
            <include>Dimensions_Fullscreen</include>
            <include condition="!Skin.HasSetting(home.vertical)">Animation.FadeFromHome</include>
            <texture colordiffuse="Background">common/bg.jpg</texture>
        </control>
        <control type="multiimage" description="Fanart">
            <include>GlobalBackgroundFade</include>
            <visible>!Skin.HasSetting(global.hidefanart)</visible>
            <include>Dimensions_Fullscreen</include>
            <include condition="!Skin.HasSetting(home.vertical)">Animation.FadeFromHome</include>
            <fadetime>600</fadetime>
            <timeperimage>12000</timeperimage>
            <randomize>true</randomize>
            <aspectratio>scale</aspectratio>
            <imagepath background="true">$VAR[GlobalFanart]</imagepath>
            <animation effect="zoom" start="110" end="120" center="auto" time="10000" tween="sine" easing="inout" pulse="true" condition="Skin.HasSetting(Fanart.Animate)">Conditional</animation>
            <animation effect="slide" start="-20,-20" end="20,20" time="6000" tween="sine" easing="inout" pulse="true" condition="Skin.HasSetting(Fanart.Animate)">Conditional</animation>
        </control>
        <control type="image" description="FanartOverlay">
            <include>Dimensions_Fullscreen</include>
            <include condition="!Skin.HasSetting(home.vertical)">Animation.FadeFromHome</include>
            <texture colordiffuse="FloorFade">common/floor.png</texture>
        </control>

    </include>

</includes>
