<?xml version="1.0" encoding="UTF-8"?>
<!-- Foundation -->
<window id="120">
   <include condition="!Player.PauseEnabled">OSDFocusStop</include>
    <include condition="Player.PauseEnabled">OSDFocusPause</include>
    <!-- <onunload condition="Skin.HasSetting(osd.alwaysshowmusicosd)">Action(Close)</onunload> -->
    <controls>
	
	<control type="group">			
            <animation effect="slide" start="0,535" end="0" time="300" tween="quadratic">Visible</animation>
            <animation effect="slide" start="0,535" end="0" time="300" tween="quadratic">WindowOpen</animation>
            <animation effect="slide" end="0,535" start="0" time="300" tween="quadratic">Hidden</animation>
            <animation effect="slide" end="0,535" start="0" time="300" tween="quadratic">WindowClose</animation>
            <control type="image">
                <top>370r</top>
                <width>100%</width>
                <texture>common/white.png</texture>
                <colordiffuse>$VAR[OSDPanel]</colordiffuse>
                <animation effect="fade" start="100" end="90" condition="Skin.HasSetting(osd.usetheme)">Conditional</animation>
            </control>
			
			<control type="image">
			 <right>10</right>
			 <height>120</height>
			 <aspectratio align="right">keep</aspectratio>
             <bottom>380</bottom>
			
		<texture>$INFO[Player.Folderpath]../logo.png</texture>
		</control>
		
		<control type="grouplist">
                        <top>725</top>
						<align>right</align>
						<right>SidePad</right>
                        <height>52</height>
                        <orientation>horizontal</orientation>
			
		<control type="image">
					<width>88</width>
					<height>64</height>
					 <centertop>50%</centertop>
					<texture colordiffuse="Dark2" fallback="flags/fallback.png">$INFO[MusicPlayer.Codec,flags/audio/,.png]</texture>
					<aspectratio align="center">keep</aspectratio>
				</control>
				<control type="image">
                <width>88</width>
                <height>64</height>
                <centertop>50%</centertop>
                <texture colordiffuse="Dark2" fallback="flags/fallback.png">$INFO[MusicPlayer.Channels,flags/channels/,.png]</texture>
                <aspectratio align="center">keep</aspectratio>
            </control>

					<control type="label">
						<width>110</width>
						<height>64</height>
						<align>center</align>
						<aligny>center</aligny>
						<label>$INFO[MusicPlayer.BitRate, • , kbps]</label>
						<font>Flag</font>
						<textcolor>Dark2</textcolor>
					</control>
					
					<control type="label">
						<width>110</width>
						<height>64</height>
						<align>center</align>
						<aligny>center</aligny>
						<label>$INFO[MusicPlayer.BitsPerSample , • , bps]</label>
						<font>Flag</font>
						<textcolor>Dark2</textcolor>
					</control>
					<control type="label">
						<width>110</width>
						<height>64</height>
						<align>center</align>
						<aligny>center</aligny>
						<label>$INFO[MusicPlayer.SampleRate, • , KHz]</label>
						<font>Flag</font>
						<textcolor>Dark2</textcolor>
					</control>
				</control>
			
			<control type="grouplist">
                        <top>810</top>
						<align>right</align>
						<right>60</right>
                        <height>52</height>
                        <orientation>horizontal</orientation>
               
                        <itemgap>24</itemgap>
                        <usecontrolcoords>true</usecontrolcoords>
                        <visible>true</visible>

                        <control type="image">
                            <!-- <posx>-16</posx> -->
                            <width>64</width>
                            <height>64</height>
                            <colordiffuse>$VAR[OSDPanelWhite70]</colordiffuse>
                            <texture>flags/$VAR[MusicFlagstarOSD1].png</texture>
                        </control>
                        <control type="image">
                            <posx>-48</posx>
                            <width>64</width>
                            <height>64</height>
                            <colordiffuse>$VAR[OSDPanelWhite70]</colordiffuse>
                            <texture>flags/$VAR[MusicFlagstarOSD2].png</texture>
                        </control>
                        <control type="image">
                            <posx>-48</posx>
                            <width>64</width>
                            <height>64</height>
                            <colordiffuse>$VAR[OSDPanelWhite70]</colordiffuse>
                            <texture>flags/$VAR[MusicFlagstarOSD3].png</texture>
                        </control>
                        <control type="image">
                            <posx>-48</posx>
                            <width>64</width>
                            <height>64</height>
                            <colordiffuse>$VAR[OSDPanelWhite70]</colordiffuse>
                            <texture>flags/$VAR[MusicFlagstarOSD4].png</texture>
                        </control>
                        <control type="image">
                            <posx>-48</posx>
                            <width>64</width>
                            <height>64</height>
                            <colordiffuse>$VAR[OSDPanelWhite70]</colordiffuse>
                            <texture>flags/$VAR[MusicFlagstarOSD5].png</texture>
                        </control>
                    </control>
			
			
			
			
			<control type="group">
			<top>700</top>
			<left>439</left>
						<width>1140</width>
						<height>106</height>
							<control type="label">
							
                                <font>OffsetTracksNumber</font>
								
                                <top>15</top>
                                <right>420r</right>
                                <width>150</width>
                                <height>20</height>
                                <align>right</align>
                                <aligny>top</aligny>
                                <label>$INFO[MusicPlayer.offset(-1).TrackNumber]</label>
                                 <textcolor>Dark3</textcolor>
                            </control>
							<control type="label">
                                <top>45</top>
                                <left>440</left>
                                <right>54</right>
                                <height>40</height>
                                <align>left</align>
                                <aligny>top</aligny>
                                <label>$INFO[MusicPlayer.offset(-1).Title]</label>
                                <font>TinyBold</font>
                                 <textcolor>Dark3</textcolor>
                            </control>
							</control>
							
							<control type="group">
							<top>843</top>
							<left>439</left>
								<width>1140</width>
								<height>106</height>
							<control type="label">
							
                                <font>OffsetTracksNumber</font>
								
                                <top>15</top>
                                <right>420r</right>
                                <width>150</width>
                                <height>20</height>
                                <align>right</align>
                                <aligny>top</aligny>
                                <label>$INFO[MusicPlayer.offset(+1).TrackNumber]</label>
                                 <textcolor>Dark3</textcolor>
                            </control>
							<control type="label">
                                <top>50</top>
                                <left>440</left>
                                <right>54</right>
                                <height>40</height>
                                <align>left</align>
                                <aligny>top</aligny>
                                <label>$INFO[MusicPlayer.offset(+1).Title]</label>
                                <font>TinyBold</font>
                                 <textcolor>Dark3</textcolor>
                            </control>
					</control>
			
			
			
			
			
			<control type="group">
			<top>755</top>
			<left>349</left>
						<width>1140</width>
						<height>106</height>
							<control type="label">
                                <font>EpisodeNumber</font>
                                <top>15</top>
                                <right>420r</right>
                                <width>150</width>
                                <height>40</height>
                                <align>right</align>
                                <aligny>top</aligny>
                                <label>$INFO[MusicPlayer.TrackNumber]</label>
                                <textcolor>Dark1</textcolor>	
                            </control>
							<control type="label">
                                <top>47</top>
                                <left>440</left>
                                <right>54</right>
                                <height>40</height>
                                <align>left</align>
                                <aligny>top</aligny>
                                <label>$INFO[MusicPlayer.Title]</label>
                                <font>SmallBold</font>
                                <textcolor>Dark1</textcolor>
                            </control>
							<control type="label">
                                <top>85</top>
                                <left>440</left>
                                <right>50</right>
                                <height>40</height>
                                <align>left</align>
                                <aligny>top</aligny>
                                <label>$INFO[MusicPlayer.Artist]$INFO[MusicPlayer.Album,  •  ,]</label>
                                <font>Tiny</font>
								<textcolor>Dark1</textcolor>
                            </control>
							</control>
			
			
			
			
			<control type="group">
			<left>-18</left>
				<control type="image">
					<top>530</top>
					<left>207</left>
					<width>476</width>
					<height>476</height>
					<aligny>top</aligny>
					<aspectratio align="left">keep</aspectratio>
					<fadetime>300</fadetime>
                    <animation effect="slide" start="-180" end="0" time="560" tween="cubic" delay="600">Visible</animation>
                    <animation effect="slide" start="-180" end="0" time="560" tween="cubic" delay="320">WindowOpen</animation>     
					<animation effect="rotate" end="-360" center="auto" time="5000" loop="true" reversible="false" condition="!Skin.HasSetting(furniture.OSDcdArtAnim)">Conditional</animation>
					<animation effect="rotate" end="360" center="auto" time="5000" loop="true" reversible="false" condition="Player.Paused + !Skin.HasSetting(furniture.OSDcdArtAnim)">Conditional</animation>
					<animation effect="rotate" end="-28" center="auto" time="500" reversible="false" condition="Player.Paused + !Skin.HasSetting(furniture.OSDcdArtAnim)">Conditional</animation>
					<animation effect="rotate" end="-15" center="auto" time="500" delay="500" reversible="false" condition="Player.Paused + !Skin.HasSetting(furniture.OSDcdArtAnim)">Conditional</animation>
					<animation effect="rotate" end="-3" center="auto" time="250" delay="1000" reversible="false" condition="Player.Paused + !Skin.HasSetting(furniture.OSDcdArtAnim)">Conditional</animation>
					<texture background="true" fallback="special://skin/extras/cdart/default.png" diffuse="thumbs/cdart_mask.png">$INFO[Player.FolderPath]cdart.png</texture>
					<bordersize>30</bordersize>
				</control>
				<control type="image">
				<top>525</top>
					<description>Cover image</description>
					<width>486</width>
					<height>486</height>
					<aspectratio align="right">scale</aspectratio>
					<texture diffuse="cdcover_mask.png" fallback="DefaultAlbumCover.png">$INFO[Player.Art(thumb)]</texture>
					<bordertexture border="28">cd_shadow.png</bordertexture>
					<bordersize>28</bordersize>
				</control>
			</control>

            <control type="group">
                <animation effect="fade" start="0" end="100" delay="150" time="150">Visible</animation>
                <animation effect="fade" start="0" end="100" delay="150" time="150">WindowOpen</animation>
                <top>110r</top>
                <bottom>0</bottom>
                <width>100%</width>
				
				

                <control type="group">
                    <left>SidePad</left>
                    <right>SidePad</right>
                    <bottom>95</bottom>
                    <control type="label" description="Duration Total Time">
                        <right>0</right>
                        <align>right</align>
                        <width>400</width>
                        <bottom>30</bottom>
                        <height>40</height>
                        <font>Tiny</font>
                        <textcolor>$VAR[OSDPanelWhite70]</textcolor>
                        <label>$INFO[Player.Time]$INFO[Player.Duration,  /  ,]</label>
                    </control>

					
						<control type="grouplist" id="103">
						<top>40</top>
							<height>64</height>
							<itemgap>16</itemgap>
							<orientation>horizontal</orientation>
							<align>center</align>
							<include condition="!Skin.HasSetting(osd.usetheme)">OSDAudioControls</include>
							<include condition="Skin.HasSetting(osd.usetheme)">OSDAudioControlsFlip</include>
						</control>
					<control type="group">
					<left>460</left>
                    <control type="progress" description="cache">
                        <description>Progress Bar</description>
                        <width>100%</width>
                        <bottom>10</bottom>
                        <height>8</height>
                        <info>Player.ProgressCache</info>
                        <visible>true</visible>
                        <texturebg colordiffuse="00ffffff">osd/progress-bg.png</texturebg>
                        <lefttexture colordiffuse="Highlight2">osd/progress-end.png</lefttexture>
                        <midtexture colordiffuse="Highlight2">osd/progress-end.png</midtexture>
                        <righttexture colordiffuse="Highlight2">osd/progress-end.png</righttexture>
                    </control>
                    <control type="progress" id="23">
                        <description>Progress Bar</description>
                        <width>100%</width>
                        <bottom>10</bottom>
                        <height>8</height>
                        <info>Player.Progress</info>
                    </control>
					 </control>
				
                </control>
	
				
            </control>

        </control>
	

      



    </controls>

</window>

