<?xml version="1.0" encoding="UTF-8"?>
<!-- Foundation -->
<includes>

    <include name="View_505_506_Wall">
        <control type="group">
            <include>Animation.Common</include>
            <visible>Control.IsVisible(505)</visible>
            <control type="panel" id="505">
				<oninfo condition="substring(Container.FolderPath,plugin://plugin.program.advanced.emulator.launcher/,left) | substring(Container.FolderPath,plugin://plugin.program.advanced.mame.launcher/,left)">ActivateWindow(1128)</oninfo>
                <visible>substring(Container.FolderPath,plugin://plugin.program.advanced.emulator.launcher/,left) | substring(Container.FolderPath,plugin://plugin.program.advanced.mame.launcher/,left) | Container.Content(artists) | Container.Content(albums) | Container.Content(musicvideos)</visible>
                <top>206</top>
                <right>70</right>
                <width>1120</width>
                <height>674</height>
                <onleft condition="!Skin.HasSetting(global.kioskmode)">9000</onleft>
                <onright>60</onright>
                <onup>505</onup>
                <ondown>505</ondown>
                <preloaditems>2</preloaditems>
                <pagecontrol>60</pagecontrol>
                <viewtype label="536">list</viewtype>
                <scrolltime tween="quadratic">400</scrolltime>
                <itemlayout height="337" width="222">
                    <control type="image">
                        <left>0</left>
                        <top>0</top>
                        <right>0</right>
                        <height>222</height>
                        <texture border="10">common/nofocus-shadow10.png</texture>
                    </control>
                    <control type="image">
                        <left>10</left>
                        <top>10</top>
                        <right>10</right>
                        <height>202</height>
                        <aspectratio scalediffuse="false">scale</aspectratio>
                        <texture diffuse="diffuse/wall.png" background="true">$VAR[PosterImage]</texture>
                    </control>
                    <control type="textbox">
                        <top>222</top>
                        <left>20</left>
                        <right>20</right>
                        <height>96</height>
                        <textcolor>Dark1</textcolor>
                        <font>Tiny</font>
                        <align>center</align>
                        <autoscroll>false</autoscroll>
                        <label>$INFO[ListItem.Label]</label>
                    </control>
					
					<!--CHANGED-->
					<control type="group">
						<visible>substring(Container.FolderPath,plugin://plugin.program.advanced.emulator.launcher/,left) | substring(Container.FolderPath,plugin://plugin.program.advanced.mame.launcher/,left)</visible>	 
						<control type="image">
							<centerright>32</centerright>
							<centertop>32</centertop>
							<width>32</width>
							<height>32</height>
							<aspectratio aligny="top">keep</aspectratio>
							<texture colordiffuse="$VAR[ColorHighlight]">$VAR[PosterPercentWatchedBacking]</texture>
							<visible>!stringcompare(ListItem.Label,..)</visible>
						</control>
						<control type="image">
							<centerright>32</centerright>
                        <centertop>32</centertop>
                        <width>32</width>
                        <height>32</height>
							<aspectratio aligny="top">keep</aspectratio>
							<texture>$VAR[PosterPercentWatched]</texture>
							<visible>!stringcompare(ListItem.Label,..)</visible>
						</control> 
					 </control>
					<!--END-->
								
                </itemlayout>
                <focusedlayout height="337" width="222">
                    <control type="image">
                        <left>0</left>
                        <top>0</top>
                        <right>0</right>
                        <height>222</height>
                        <texture border="10">common/nofocus-shadow10.png</texture>
                    </control>
                    <control type="image">
                        <left>10</left>
                        <top>10</top>
                        <right>10</right>
                        <height>202</height>
                        <aspectratio scalediffuse="false">scale</aspectratio>
                        <texture diffuse="diffuse/wall.png" background="true">$VAR[PosterImage]</texture>
                    </control>
                    <control type="image">
                        <left>3</left>
                        <top>3</top>
                        <right>3</right>
                        <height>210</height>
                        <texture colordiffuse="$VAR[ColorHighlight]" border="20">common/selectbox.png</texture>
                        <animation type="Focus">
                            <effect type="zoom" start="90" end="100" time="150" tween="sine" easing="inout" center="auto" />
                            <effect type="fade" start="0" end="100" time="150" tween="sine" easing="in" />
                        </animation>
                        <animation type="Unfocus">
                            <effect type="zoom" start="100" end="90" time="150" tween="sine" easing="inout" center="auto" />
                            <effect type="fade" start="100" end="0" time="150" tween="sine" easing="out" />
                        </animation>
                    </control>
                    <control type="textbox">
                        <top>222</top>
                        <left>20</left>
                        <right>20</right>
                        <height>96</height>
                        <textcolor>Dark1</textcolor>
                        <font>Tiny</font>
                        <align>center</align>
                        <autoscroll>false</autoscroll>
                        <label>$INFO[ListItem.Label]</label>
                    </control>

					<!--CHANGED-->
					<control type="group">
						<visible>substring(Container.FolderPath,plugin://plugin.program.advanced.emulator.launcher/,left) | substring(Container.FolderPath,plugin://plugin.program.advanced.mame.launcher/,left)</visible>	 
						<control type="image">
							<centerright>32</centerright>
                        <centertop>32</centertop>
                        <width>32</width>
                        <height>32</height>
							<aspectratio aligny="top">keep</aspectratio>
							<texture colordiffuse="$VAR[ColorHighlight]">$VAR[PosterPercentWatchedBacking]</texture>
							<visible>!stringcompare(ListItem.Label,..)</visible>
						</control>
						<control type="image">
							<centerright>32</centerright>
                        <centertop>32</centertop>
                        <width>32</width>
                        <height>32</height>
							<aspectratio aligny="top">keep</aspectratio>
							<texture>$VAR[PosterPercentWatched]</texture>
							<visible>!stringcompare(ListItem.Label,..)</visible>
						</control> 
					 </control>
					<!--END-->
                </focusedlayout>

            </control>
            <include>Furniture_Scrollbar</include>
            <control type="group" description="Poster">

                <left>SidePad</left>
                <top>PosterPad</top>
                <width>PosterH</width>
                <control type="image">
                    <width>PosterH</width>
                    <height>360</height>
                    <texture border="5" colordiffuse="FF181818">common/box.png</texture>
                </control>
                <control type="image">
                    <width>PosterH</width>
                    <height>360</height>
                    <fadetime>100</fadetime>
                    <aspectratio align="center" aligny="center" scalediffuse="false">scale</aspectratio>
                    <texture diffuse="diffuse/listposter.png" background="true">$VAR[FanartImage]</texture>
                </control>
                <control type="image">
                    <left>-24</left>
                    <top>-24</top>
                    <width>PosterShadowH</width>
                    <height>408</height>
                    <texture border="32">common/shadow-24.png</texture>
                </control>
                <control type="group">
                    <left>20</left>
                    <right>20</right>
                    <top>360</top>
                    <height>300</height>

                    <control type="label">
                        <top>10</top>
                        <aligny>center</aligny>
                        <height>64</height>
                        <font>SmallBold</font>
                        <textcolor>Dark1</textcolor>
                        <selectedcolor>Dark1</selectedcolor>
                        <label>$VAR[LabelDirector]</label>
                    </control>
                    <control type="label">
                        <top>50</top>
                        <height>64</height>
                        <aligny>center</aligny>
                        <font>Tiny</font>
                        <textcolor>Dark1</textcolor>
                        <selectedcolor>Dark1</selectedcolor>
                        <label>$VAR[LabelGenre]</label>
                    </control>
                    <control type="textbox">
                        <top>125</top>
                        <bottom>17</bottom>
                        <align>justify</align>
                        <font>Tiny</font>
                        <textcolor>Dark1</textcolor>
                        <selectedcolor>Dark1</selectedcolor>
                        <label>$VAR[LabelPlotBox]</label>
                    </control>
                </control>
            </control>

        </control>
        <control type="group">
            <include>Animation.Common</include>
            <visible>Control.IsVisible(506)</visible>
            <control type="panel" id="506">
				<oninfo condition="substring(Container.FolderPath,plugin://plugin.program.advanced.emulator.launcher/,left) | substring(Container.FolderPath,plugin://plugin.program.advanced.mame.launcher/,left)">ActivateWindow(1128)</oninfo>
                <visible>substring(Container.FolderPath,plugin://plugin.program.advanced.emulator.launcher/,left) | substring(Container.FolderPath,plugin://plugin.program.advanced.mame.launcher/,left) | Container.Content(musicvideos) | Container.Content(albums)</visible>
                <top>206</top>
                <right>70</right>
                <width>1120</width>
                <height>660</height>
                <onleft condition="!Skin.HasSetting(global.kioskmode)">9000</onleft>
                <onright>60</onright>
                <onup>506</onup>
                <ondown>506</ondown>
                <preloaditems>2</preloaditems>
                <pagecontrol>60</pagecontrol>
                <viewtype label="536">list</viewtype>
                <scrolltime tween="quadratic">400</scrolltime>
                <itemlayout height="220" width="224">
                    <control type="image">
                        <left>4</left>
                        <top>0</top>
                        <right>0</right>
                        <bottom>0</bottom>
                        <texture border="10">common/nofocus-shadow10.png</texture>
                    </control>
                    <control type="image">
                        <left>14</left>
                        <top>10</top>
                        <right>10</right>
                        <bottom>10</bottom>
                        <aspectratio scalediffuse="false">scale</aspectratio>
                        <texture diffuse="diffuse/wall.png" background="true">$VAR[PosterImage]</texture>
                    </control>
					<!--CHANGED-->
					<control type="group">
						<visible>substring(Container.FolderPath,plugin://plugin.program.advanced.emulator.launcher/,left) | substring(Container.FolderPath,plugin://plugin.program.advanced.mame.launcher/,left)</visible>	 
						<control type="image">
							<centerright>32</centerright>
							<centertop>32</centertop>
							<width>32</width>
							<height>32</height>
							<aspectratio aligny="top">keep</aspectratio>
							<texture colordiffuse="$VAR[ColorHighlight]">$VAR[PosterPercentWatchedBacking]</texture>
							<visible>!stringcompare(ListItem.Label,..)</visible>
						</control>
						<control type="image">
							<centerright>32</centerright>
							<centertop>32</centertop>
							<width>32</width>
							<height>32</height>
							<aspectratio aligny="top">keep</aspectratio>
							<texture>$VAR[PosterPercentWatched]</texture>
							<visible>!stringcompare(ListItem.Label,..)</visible>
						</control> 
					 </control>
					<!--END-->
                </itemlayout>
                <focusedlayout height="220" width="224">
                    <control type="image">
                        <left>4</left>
                        <top>0</top>
                        <right>0</right>
                        <bottom>0</bottom>
                        <texture border="10">common/nofocus-shadow10.png</texture>
                    </control>
                    <control type="image">
                        <left>14</left>
                        <top>10</top>
                        <right>10</right>
                        <bottom>10</bottom>
                        <aspectratio scalediffuse="false">scale</aspectratio>
                        <texture diffuse="diffuse/wall.png" background="true">$VAR[PosterImage]</texture>
                    </control>
                    <control type="image">
                        <left>7</left>
                        <top>3</top>
                        <right>3</right>
                        <bottom>3</bottom>
                        <texture colordiffuse="$VAR[ColorHighlight]" border="20">common/selectbox.png</texture>
                        <animation type="Focus">
                            <effect type="zoom" start="90" end="100" time="150" tween="sine" easing="inout" center="auto" />
                            <effect type="fade" start="0" end="100" time="150" tween="sine" easing="in" />
                        </animation>
                        <animation type="Unfocus">
                            <effect type="zoom" start="100" end="90" time="150" tween="sine" easing="inout" center="auto" />
                            <effect type="fade" start="100" end="0" time="150" tween="sine" easing="out" />
                        </animation>
                    </control>
					<!--CHANGED-->
					<control type="group">
						<visible>substring(Container.FolderPath,plugin://plugin.program.advanced.emulator.launcher/,left) | substring(Container.FolderPath,plugin://plugin.program.advanced.mame.launcher/,left)</visible>	 
						<control type="image">
							<centerright>32</centerright>
							<centertop>32</centertop>
							<width>32</width>
							<height>32</height>
							<aspectratio aligny="top">keep</aspectratio>
							<texture colordiffuse="$VAR[ColorHighlight]">$VAR[PosterPercentWatchedBacking]</texture>
							<visible>!stringcompare(ListItem.Label,..)</visible>
						</control>
						<control type="image">
							<centerright>32</centerright>
							<centertop>32</centertop>
							<width>32</width>
							<height>32</height>
							<aspectratio aligny="top">keep</aspectratio>
							<texture>$VAR[PosterPercentWatched]</texture>
							<visible>!stringcompare(ListItem.Label,..)</visible>
						</control> 
					 </control>
					<!--END-->
                </focusedlayout>
            </control>
            <include>Furniture_Scrollbar</include>
            <control type="group" description="Poster">

                <left>SidePad</left>
                <top>PosterPad</top>

                <control type="image">
                    <centertop>PosterH</centertop>
                    <width>PosterH</width>
                    <height>48</height>
                    <aspectratio>stretch</aspectratio>
                    <texture>diffuse/shadowspot.png</texture>

                </control>
                <control type="image">
                    <width>PosterH</width>
                    <height>PosterH</height>
                    <texture border="5" colordiffuse="FF181818">common/box.png</texture>
                </control>
                <control type="image">
                    <width>PosterH</width>
                    <height>PosterH</height>
                    <fadetime>100</fadetime>
                    <aspectratio align="center" aligny="center" scalediffuse="false">scale</aspectratio>
                    <texture diffuse="diffuse/listposter.png" background="true">$VAR[PosterImage]</texture>
                </control>
                <control type="image">
                    <left>-24</left>
                    <top>-24</top>
                    <width>PosterShadowH</width>
                    <height>PosterShadowH</height>
                    <texture border="32">common/shadow-24.png</texture>
                </control>
            </control>

        </control>

        <control type="group">
            <include>Animation.Common</include>
            <visible>Control.IsVisible(507)</visible>
            <control type="panel" id="507">
				<oninfo condition="substring(Container.FolderPath,plugin://plugin.program.advanced.emulator.launcher/,left) | substring(Container.FolderPath,plugin://plugin.program.advanced.mame.launcher/,left)">ActivateWindow(1128)</oninfo>
                <visible>substring(Container.FolderPath,plugin://plugin.program.advanced.emulator.launcher/,left) | substring(Container.FolderPath,plugin://plugin.program.advanced.mame.launcher/,left) | Container.Content(musicvideos) | Container.Content(artists) | Container.Content(albums)</visible>
                <top>206</top>
                <right>70</right>
                <left>70</left>
                <height>674</height>
                <onleft condition="!Skin.HasSetting(global.kioskmode)">9000</onleft>
                <onright>60</onright>
                <onup>507</onup>
                <ondown>507</ondown>
                <preloaditems>2</preloaditems>
                <pagecontrol>60</pagecontrol>
                <viewtype label="536">list</viewtype>
                <scrolltime tween="quadratic">400</scrolltime>
                <itemlayout height="337" width="222">
                    <control type="image">
                        <left>0</left>
                        <top>0</top>
                        <right>0</right>
                        <height>222</height>
                        <texture border="10">common/nofocus-shadow10.png</texture>
                    </control>
                    <control type="image">
                        <left>10</left>
                        <top>10</top>
                        <right>10</right>
                        <height>202</height>
                        <aspectratio scalediffuse="false">scale</aspectratio>
                        <texture diffuse="diffuse/wall.png" background="true">$VAR[PosterImage]</texture>
                    </control>
                    <control type="textbox">
                        <top>222</top>
                        <left>20</left>
                        <right>20</right>
                        <height>96</height>
                        <textcolor>Dark1</textcolor>
                        <font>Tiny</font>
                        <align>center</align>
                        <autoscroll>false</autoscroll>
                        <label>$INFO[ListItem.Label]</label>
                    </control>
					<!--CHANGED-->
					<control type="group">
						<visible>substring(Container.FolderPath,plugin://plugin.program.advanced.emulator.launcher/,left) | substring(Container.FolderPath,plugin://plugin.program.advanced.mame.launcher/,left)</visible>	 
						<control type="image">
							<centerright>32</centerright>
							<centertop>32</centertop>
							<width>32</width>
							<height>32</height>
							<aspectratio aligny="top">keep</aspectratio>
							<texture colordiffuse="$VAR[ColorHighlight]">$VAR[PosterPercentWatchedBacking]</texture>
							<visible>!stringcompare(ListItem.Label,..)</visible>
						</control>
						<control type="image">
							<centerright>32</centerright>
							<centertop>32</centertop>
							<width>32</width>
							<height>32</height>
							<aspectratio aligny="top">keep</aspectratio>
							<texture>$VAR[PosterPercentWatched]</texture>
							<visible>!stringcompare(ListItem.Label,..)</visible>
						</control> 
					 </control>
					<!--END-->
                </itemlayout>
                <focusedlayout height="337" width="222">
                    <control type="image">
                        <left>0</left>
                        <top>0</top>
                        <right>0</right>
                        <height>222</height>
                        <texture border="10">common/nofocus-shadow10.png</texture>
                    </control>
                    <control type="image">
                        <left>10</left>
                        <top>10</top>
                        <right>10</right>
                        <height>202</height>
                        <aspectratio scalediffuse="false">scale</aspectratio>
                        <texture diffuse="diffuse/wall.png" background="true">$VAR[PosterImage]</texture>
                    </control>
                    <control type="image">
                        <left>3</left>
                        <top>3</top>
                        <right>3</right>
                        <height>210</height>
                        <texture colordiffuse="$VAR[ColorHighlight]" border="20">common/selectbox.png</texture>
                        <animation type="Focus">
                            <effect type="zoom" start="90" end="100" time="150" tween="sine" easing="inout" center="auto" />
                            <effect type="fade" start="0" end="100" time="150" tween="sine" easing="in" />
                        </animation>
                        <animation type="Unfocus">
                            <effect type="zoom" start="100" end="90" time="150" tween="sine" easing="inout" center="auto" />
                            <effect type="fade" start="100" end="0" time="150" tween="sine" easing="out" />
                        </animation>
                    </control>
                    <control type="textbox">
                        <top>222</top>
                        <left>20</left>
                        <right>20</right>
                        <height>96</height>
                        <textcolor>Dark1</textcolor>
                        <font>Tiny</font>
                        <align>center</align>
                        <autoscroll>false</autoscroll>
                        <label>$INFO[ListItem.Label]</label>
                    </control>
					<!--CHANGED-->
					<control type="group">
						<visible>substring(Container.FolderPath,plugin://plugin.program.advanced.emulator.launcher/,left) | substring(Container.FolderPath,plugin://plugin.program.advanced.mame.launcher/,left)</visible>	 
						<control type="image">
							<centerright>32</centerright>
							<centertop>32</centertop>
							<width>32</width>
							<height>32</height>
							<aspectratio aligny="top">keep</aspectratio>
							<texture colordiffuse="$VAR[ColorHighlight]">$VAR[PosterPercentWatchedBacking]</texture>
							<visible>!stringcompare(ListItem.Label,..)</visible>
						</control>
						<control type="image">
							<centerright>32</centerright>
							<centertop>32</centertop>
							<width>32</width>
							<height>32</height>
							<aspectratio aligny="top">keep</aspectratio>
							<texture>$VAR[PosterPercentWatched]</texture>
							<visible>!stringcompare(ListItem.Label,..)</visible>
						</control> 
					 </control>
					<!--END-->

                </focusedlayout>

            </control>
            <include>Furniture_Scrollbar</include>

        </control>

    </include>

</includes>
