<?xml version="1.0" encoding="UTF-8"?>
<!-- Foundation -->
<includes>
    <include name="View_58_Cards">
        <description>List View (id=58)</description>
        <control type="group">
            <include>Animation.Common</include>
            <visible>Control.IsVisible(58)</visible>
            <control type="group">
                <control type="panel" id="58">
                    <oninfo condition="substring(Container.FolderPath,plugin://plugin.program.advanced.emulator.launcher/,left) | substring(Container.FolderPath,plugin://plugin.program.advanced.mame.launcher/,left)">ActivateWindow(1128)</oninfo>
                    <visible>substring(Container.FolderPath,plugin://plugin.program.advanced.emulator.launcher/,left) | substring(Container.FolderPath,plugin://plugin.program.advanced.mame.launcher/,left) | Container.Content(musicvideos) | Container.Content(movies) | Container.Content(tvshows) | [Container.Content(episodes) + !substring(Container.FolderPath,plugin://,left)] | Container.Content(actors) | Container.Content(seasons)</visible>
                    <top>206</top>
                    <height>660</height>
                    <left>70</left>
                    <right>70</right>
                    <onup>58</onup>
                    <ondown>58</ondown>
                    <onleft condition="!Skin.HasSetting(global.kioskmode)">9000</onleft>
                    <onright>60</onright>
                    <orientation>vertical</orientation>
                    <pagecontrol>60</pagecontrol>
                    <preloaditems>2</preloaditems>
                    <viewtype label="31198">list</viewtype>
                    <scrolltime tween="quadratic">400</scrolltime>
                    <itemlayout width="890" height="330" condition="!Container.Content(episodes)">
                        <control type="image">
                            <left>10</left>
                            <top>10</top>
                            <right>10</right>
                            <bottom>10</bottom>
                            <texture colordiffuse="Dark4" border="5">common/box.png</texture>
                        </control>
                        <control type="image">
                            <right>24</right>
                            <top>29</top>
                            <width>32</width>
                            <height>32</height>
                            <aspectratio aligny="top">keep</aspectratio>
                            <texture>$VAR[PercentWatched]</texture>
                            <visible>!stringcompare(ListItem.Label,..)</visible>
                        </control>
                        <control type="image">
                            <left>10</left>
                            <top>10</top>
                            <width>207</width>
                            <height>310</height>
                            <aspectratio scalediffuse="false">scale</aspectratio>
                            <texture diffuse="diffuse/cardposter.png" background="true">$VAR[PosterImage]</texture>
                        </control>
                        <control type="label">
                            <left>237</left>
                            <right>64</right>
                            <top>20</top>
                            <height>50</height>
                            <align>left</align>
                            <font>SmallBold</font>
                            <textcolor>Dark1</textcolor>
                            <selectedcolor>Dark1</selectedcolor>
                            <label>$INFO[ListItem.Label]</label>
                        </control>
                        <control type="textbox">
                            <left>237</left>
                            <right>30</right>
                            <top>70</top>
                            <height>188</height>
                            <align>justify</align>
                            <font>Tiny</font>
                            <autoscroll>false</autoscroll>
                            <textcolor>Dark1</textcolor>
                            <selectedcolor>Dark1</selectedcolor>
                            <label>$VAR[LabelPlotBox]</label>
                        </control>
                        <control type="label">
                            <left>237</left>
                            <right>30</right>
                            <bottom>20</bottom>
                            <aligny>center</aligny>
                            <height>38</height>
                            <align>right</align>
                            <font>Tiny</font>
                            <textcolor>Dark1</textcolor>
                            <selectedcolor>Dark1</selectedcolor>
                            <label fallback="19055">$VAR[LabelYear,,  •  ]$VAR[LabelDuration,,  •  ]$INFO[ListItem.Rating]</label>
                        </control>

                    </itemlayout>

                    <itemlayout width="890" height="330" condition="Container.Content(episodes)">
                        <control type="image">
                            <left>10</left>
                            <top>10</top>
                            <right>10</right>
                            <bottom>10</bottom>
                            <texture colordiffuse="Dark4" border="5">common/box.png</texture>
                        </control>
                        <control type="image">
                            <right>24</right>
                            <top>29</top>
                            <width>32</width>
                            <height>32</height>
                            <aspectratio aligny="top">keep</aspectratio>
                            <texture>$VAR[PercentWatched]</texture>
                            <visible>!stringcompare(ListItem.Label,..)</visible>
                        </control>
                        <control type="image">
                            <left>10</left>
                            <top>10</top>
                            <width>400</width>
                            <height>310</height>
                            <aspectratio scalediffuse="false">scale</aspectratio>
                            <texture diffuse="diffuse/cardthumb.png" background="true">$VAR[FanartImage]</texture>
                        </control>
                        <control type="label">
                            <left>430</left>
                            <right>64</right>
                            <top>20</top>
                            <height>50</height>
                            <align>left</align>
                            <font>SmallBold</font>
                            <textcolor>Dark1</textcolor>
                            <selectedcolor>Dark1</selectedcolor>
                            <label>$INFO[ListItem.Label]</label>
                        </control>
                        <control type="textbox">
                            <left>430</left>
                            <right>30</right>
                            <top>70</top>
                            <height>188</height>
                            <align>justify</align>
                            <font>Tiny</font>
                            <textcolor>Dark1</textcolor>
                            <selectedcolor>Dark1</selectedcolor>
                            <label>$INFO[ListItem.Plot]</label>
                        </control>
                        <control type="label">
                            <left>430</left>
                            <right>30</right>
                            <bottom>20</bottom>
                            <aligny>center</aligny>
                            <height>38</height>
                            <align>right</align>
                            <font>Tiny</font>
                            <textcolor>Dark1</textcolor>
                            <selectedcolor>Dark1</selectedcolor>
                            <label fallback="19055">$VAR[LabelYear,,  •  ]$VAR[LabelDuration,,  •  ]$INFO[ListItem.Rating]</label>
                        </control>

                    </itemlayout>

                    <focusedlayout width="890" height="330" condition="!Container.Content(episodes)">
                        <control type="image">
                            <left>10</left>
                            <top>10</top>
                            <right>10</right>
                            <bottom>10</bottom>
                            <texture colordiffuse="Dark1" border="5">common/box.png</texture>
                        </control>
                        <control type="image">
                            <left>10</left>
                            <top>10</top>
                            <width>207</width>
                            <height>310</height>
                            <aspectratio scalediffuse="false">scale</aspectratio>
                            <texture diffuse="diffuse/cardposter.png" background="true">$VAR[PosterImage]</texture>
                        </control>
                        <control type="image">
                            <right>24</right>
                            <top>29</top>
                            <width>32</width>
                            <height>32</height>
                            <aspectratio aligny="top">keep</aspectratio>
                            <texture>$VAR[PercentWatched]</texture>
                            <visible>!stringcompare(ListItem.Label,..)</visible>
                        </control>
                        <control type="label">
                            <left>237</left>
                            <right>74</right>
                            <top>20</top>
                            <height>50</height>
                            <align>left</align>
                            <font>SmallBold</font>
                            <textcolor>Light1</textcolor>
                            <selectedcolor>Light1</selectedcolor>
                            <label>$INFO[ListItem.Label]</label>
                        </control>
                        <control type="textbox">
                            <left>237</left>
                            <right>30</right>
                            <top>70</top>
                            <height>188</height>
                            <align>justify</align>
                            <font>Tiny</font>
                            <textcolor>Light1</textcolor>
                            <selectedcolor>Light1</selectedcolor>
                            <label>$VAR[LabelPlotBox]</label>
                        </control>
                        <control type="label">
                            <left>237</left>
                            <right>30</right>
                            <bottom>20</bottom>
                            <aligny>center</aligny>
                            <height>38</height>
                            <align>right</align>
                            <font>Tiny</font>
                            <textcolor>Light1</textcolor>
                            <selectedcolor>Light1</selectedcolor>
                            <label fallback="19055">$VAR[LabelYear,,  •  ]$VAR[LabelDuration,,  •  ]$INFO[ListItem.Rating]</label>
                        </control>
                    </focusedlayout>
                    <focusedlayout width="890" height="330" condition="Container.Content(episodes)">
                        <control type="image">
                            <left>10</left>
                            <top>10</top>
                            <right>10</right>
                            <bottom>10</bottom>
                            <texture colordiffuse="Dark1" border="5">common/box.png</texture>
                        </control>
                        <control type="image">
                            <right>24</right>
                            <top>29</top>
                            <width>32</width>
                            <height>32</height>
                            <aspectratio aligny="top">keep</aspectratio>
                            <texture>$VAR[PercentWatched]</texture>
                            <visible>!stringcompare(ListItem.Label,..)</visible>
                        </control>
                        <control type="image">
                            <left>10</left>
                            <top>10</top>
                            <width>400</width>
                            <height>310</height>
                            <aspectratio scalediffuse="false">scale</aspectratio>
                            <texture diffuse="diffuse/cardthumb.png" background="true">$VAR[FanartImage]</texture>
                        </control>
                        <control type="label">
                            <left>430</left>
                            <right>74</right>
                            <top>20</top>
                            <height>50</height>
                            <align>left</align>
                            <font>SmallBold</font>
                            <textcolor>Light1</textcolor>
                            <selectedcolor>Light1</selectedcolor>
                            <label>$INFO[ListItem.Label]</label>
                        </control>
                        <control type="textbox">
                            <left>430</left>
                            <right>30</right>
                            <top>70</top>
                            <height>188</height>
                            <align>justify</align>
                            <font>Tiny</font>
                            <textcolor>Light1</textcolor>
                            <selectedcolor>Light1</selectedcolor>
                            <label>$INFO[ListItem.Plot]</label>
                        </control>
                        <control type="label">
                            <left>430</left>
                            <right>30</right>
                            <bottom>20</bottom>
                            <aligny>center</aligny>
                            <height>38</height>
                            <align>right</align>
                            <font>Tiny</font>
                            <textcolor>Light1</textcolor>
                            <selectedcolor>Light1</selectedcolor>
                            <label fallback="19055">$VAR[LabelYear,,  •  ]$VAR[LabelDuration,,  •  ]$INFO[ListItem.Rating]</label>
                        </control>

                    </focusedlayout>
                </control>
                <include>Furniture_Scrollbar</include>
            </control>

        </control>
    </include>

</includes>
